id,sample_id,sample_label,capacitance_pf,carried_out_at,day_of_week,hour_of_day,elapsed_minutes_since_first_reading,category,group
2757,42,hasa_rf_01,8.4261,2026-04-11 04:47:45.861652,5,4,0,fresh,rf
2758,42,hasa_rf_01,7.233999999999,2026-04-11 04:48:01.861652,5,4,0,fresh,rf
2759,42,hasa_rf_01,8.29926,2026-04-11 04:48:14.861652,5,4,0,fresh,rf
2760,42,hasa_rf_01,7.03088,2026-04-11 04:48:29.861652,5,4,0,fresh,rf
2761,42,hasa_rf_01,7.2727000000010005,2026-04-11 04:48:43.861652,5,4,1,fresh,rf
2762,42,hasa_rf_01,7.7871,2026-04-11 04:48:58.861652,5,4,1,fresh,rf
2763,42,hasa_rf_01,7.917800000001,2026-04-11 04:49:14.861652,5,4,1,fresh,rf
2764,42,hasa_rf_01,7.5495,2026-04-11 04:49:30.861652,5,4,1,fresh,rf
1423,42,hasa_rf_01,4.6025,2026-04-11 08:47:42.861652,6,8,240,moderate,rf
1424,42,hasa_rf_01,4.6240000000000006,2026-04-11 08:48:04.409048,6,8,240,moderate,rf
1425,42,hasa_rf_01,4.5555,2026-04-11 08:48:36.919075,6,8,240,moderate,rf
1426,42,hasa_rf_01,4.567,2026-04-11 08:48:53.200239,6,8,241,moderate,rf
1428,42,hasa_rf_01,4.713,2026-04-11 08:49:23.857009,6,8,241,moderate,rf
1429,42,hasa_rf_01,4.7435,2026-04-11 08:49:34.698923,6,8,241,moderate,rf
1430,42,hasa_rf_01,4.7495,2026-04-11 08:49:43.804084,6,8,242,moderate,rf
1431,42,hasa_rf_01,4.7115,2026-04-11 08:49:52.930631,6,8,242,moderate,rf
1432,42,hasa_rf_01,4.734,2026-04-11 08:50:04.656534,6,8,242,moderate,rf
1433,42,hasa_rf_01,4.7330000000000005,2026-04-11 08:50:15.548325,6,8,242,moderate,rf
1434,42,hasa_rf_01,4.729,2026-04-11 08:50:26.240472,6,8,242,moderate,rf
1693,42,hasa_rf_01,4.44,2026-04-11 13:37:48.468860,6,13,530,moderate,rf
1694,42,hasa_rf_01,4.4415,2026-04-11 13:38:13.373328,6,13,530,moderate,rf
1695,42,hasa_rf_01,4.4295,2026-04-11 13:38:22.247000,6,13,530,moderate,rf
1696,42,hasa_rf_01,4.4515,2026-04-11 13:38:34.272967,6,13,530,moderate,rf
1697,42,hasa_rf_01,4.484500000000001,2026-04-11 13:38:47.382974,6,13,531,moderate,rf
1916,42,hasa_rf_01,3.8855,2026-04-11 17:26:18.038041,6,17,758,moderate,rf
1917,42,hasa_rf_01,3.9535,2026-04-11 17:26:34.549971,6,17,758,moderate,rf
1918,42,hasa_rf_01,3.931,2026-04-11 17:26:46.931006,6,17,759,moderate,rf
1919,42,hasa_rf_01,3.9365,2026-04-11 17:27:04.573894,6,17,759,moderate,rf
1920,42,hasa_rf_01,3.92,2026-04-11 17:27:19.469334,6,17,759,moderate,rf
1921,42,hasa_rf_01,3.92,2026-04-11 17:27:33.530627,6,17,759,moderate,rf
1922,42,hasa_rf_01,3.912,2026-04-11 17:27:44.022559,6,17,760,moderate,rf
2100,42,hasa_rf_01,4.3705,2026-04-11 21:07:00.640483,6,21,979,moderate,rf
2101,42,hasa_rf_01,4.416499999999999,2026-04-11 21:07:30.016001,6,21,979,moderate,rf
2102,42,hasa_rf_01,4.4135,2026-04-11 21:07:43.225732,6,21,980,moderate,rf
2103,42,hasa_rf_01,4.3260000000000005,2026-04-11 21:07:55.352534,6,21,980,moderate,rf
2104,42,hasa_rf_01,4.428,2026-04-11 21:08:12.415411,6,21,980,moderate,rf
2105,42,hasa_rf_01,4.3625,2026-04-11 21:08:24.507103,6,21,980,moderate,rf
2106,42,hasa_rf_01,4.2685,2026-04-11 21:08:42.571320,6,21,980,moderate,rf
2107,42,hasa_rf_01,4.436,2026-04-11 21:08:59.305163,6,21,981,moderate,rf
2108,42,hasa_rf_01,4.4015,2026-04-11 21:09:10.561937,6,21,981,moderate,rf
2238,42,hasa_rf_01,3.5835,2026-04-12 00:46:30.287514,0,0,1198,moderate,rf
2239,42,hasa_rf_01,3.642,2026-04-12 00:46:45.466171,0,0,1199,moderate,rf
2240,42,hasa_rf_01,3.6365,2026-04-12 00:46:55.307403,0,0,1199,moderate,rf
2241,42,hasa_rf_01,3.5545,2026-04-12 00:47:08.468069,0,0,1199,moderate,rf
2242,42,hasa_rf_01,3.5545,2026-04-12 00:47:21.342668,0,0,1199,moderate,rf
2243,42,hasa_rf_01,3.5765,2026-04-12 00:47:29.618052,0,0,1199,moderate,rf
2398,42,hasa_rf_01,4.352,2026-04-12 05:08:11.540714,0,5,1460,moderate,rf
2399,42,hasa_rf_01,4.428,2026-04-12 05:08:29.238383,0,5,1460,moderate,rf
2400,42,hasa_rf_01,4.407,2026-04-12 05:08:39.981693,0,5,1460,moderate,rf
2401,42,hasa_rf_01,4.3925,2026-04-12 05:08:52.590183,0,5,1461,moderate,rf
2402,42,hasa_rf_01,4.394,2026-04-12 05:09:05.984557,0,5,1461,moderate,rf
2403,42,hasa_rf_01,4.402,2026-04-12 05:09:17.878845,0,5,1461,moderate,rf
2582,42,hasa_rf_01,3.0845,2026-04-12 15:17:37.569307,0,15,2069,moderate,rf
2583,42,hasa_rf_01,3.099,2026-04-12 15:17:49.713341,0,15,2070,moderate,rf
2584,42,hasa_rf_01,3.1225,2026-04-12 15:18:00.204316,0,15,2070,moderate,rf
2585,42,hasa_rf_01,3.126,2026-04-12 15:18:13.817648,0,15,2070,moderate,rf
2587,42,hasa_rf_01,3.1315,2026-04-12 15:18:38.102131,0,15,2070,moderate,rf
2588,42,hasa_rf_01,3.137,2026-04-12 15:18:52.495681,0,15,2071,moderate,rf
2589,42,hasa_rf_01,3.1845,2026-04-12 15:19:05.004627,0,15,2071,moderate,rf
2590,42,hasa_rf_01,3.108,2026-04-12 15:19:17.317275,0,15,2071,moderate,rf
2726,42,hasa_rf_01,3.021,2026-04-12 18:47:08.764377,0,18,2279,moderate,rf
2727,42,hasa_rf_01,3.126,2026-04-12 18:47:20.139235,0,18,2279,moderate,rf
2728,42,hasa_rf_01,3.1785,2026-04-12 18:47:30.815547,0,18,2279,moderate,rf
2729,42,hasa_rf_01,3.2035,2026-04-12 18:47:39.439543,0,18,2279,moderate,rf
2730,42,hasa_rf_01,3.204,2026-04-12 18:47:48.112219,0,18,2280,moderate,rf
2765,43,hasa_rf_02,7.5737,2026-04-11 04:50:54.844681,5,4,0,fresh,rf
2766,43,hasa_rf_02,8.2899,2026-04-11 04:51:09.844681,5,4,0,fresh,rf
2767,43,hasa_rf_02,8.42333,2026-04-11 04:51:23.844681,5,4,0,fresh,rf
2768,43,hasa_rf_02,7.456900000001,2026-04-11 04:51:38.844681,5,4,0,fresh,rf
2769,43,hasa_rf_02,7.660199999999899,2026-04-11 04:51:55.844681,5,4,1,fresh,rf
2770,43,hasa_rf_02,8.364000000001,2026-04-11 04:52:09.844681,5,4,1,fresh,rf
2771,43,hasa_rf_02,7.46757,2026-04-11 04:52:25.844681,5,4,1,fresh,rf
2772,43,hasa_rf_02,7.27728,2026-04-11 04:52:40.844681,5,4,1,fresh,rf
1435,43,hasa_rf_02,4.9495000000000005,2026-04-11 08:50:52.844681,6,8,240,moderate,rf
1436,43,hasa_rf_02,4.8885000000000005,2026-04-11 08:51:17.548608,6,8,240,moderate,rf
1437,43,hasa_rf_02,4.876,2026-04-11 08:51:33.828368,6,8,240,moderate,rf
1438,43,hasa_rf_02,4.891,2026-04-11 08:51:45.336983,6,8,240,moderate,rf
1439,43,hasa_rf_02,4.847,2026-04-11 08:51:55.860759,6,8,241,moderate,rf
1440,43,hasa_rf_02,4.8255,2026-04-11 08:52:05.352427,6,8,241,moderate,rf
1441,43,hasa_rf_02,4.8095,2026-04-11 08:52:14.878968,6,8,241,moderate,rf
1442,43,hasa_rf_02,4.797499999999999,2026-04-11 08:52:23.751857,6,8,241,moderate,rf
1698,43,hasa_rf_02,4.753500000000001,2026-04-11 13:39:13.120201,6,13,528,moderate,rf
1699,43,hasa_rf_02,4.71,2026-04-11 13:39:22.145800,6,13,528,moderate,rf
1700,43,hasa_rf_02,4.68,2026-04-11 13:39:32.134851,6,13,528,moderate,rf
1701,43,hasa_rf_02,4.633,2026-04-11 13:39:41.227369,6,13,528,moderate,rf
1702,43,hasa_rf_02,4.6685,2026-04-11 13:40:03.194624,6,13,529,moderate,rf
1923,43,hasa_rf_02,4.142,2026-04-11 17:28:22.103287,6,17,757,moderate,rf
1924,43,hasa_rf_02,4.096,2026-04-11 17:28:36.564690,6,17,757,moderate,rf
1925,43,hasa_rf_02,4.074,2026-04-11 17:28:50.892291,6,17,757,moderate,rf
1926,43,hasa_rf_02,4.0505,2026-04-11 17:29:03.935961,6,17,758,moderate,rf
1927,43,hasa_rf_02,4.03,2026-04-11 17:29:16.947305,6,17,758,moderate,rf
1928,43,hasa_rf_02,4.032,2026-04-11 17:29:33.343399,6,17,758,moderate,rf
2109,43,hasa_rf_02,4.513,2026-04-11 21:10:05.521485,6,21,979,moderate,rf
2110,43,hasa_rf_02,4.5325,2026-04-11 21:10:22.452085,6,21,979,moderate,rf
2111,43,hasa_rf_02,4.6585,2026-04-11 21:10:59.998880,6,21,980,moderate,rf
2112,43,hasa_rf_02,4.6595,2026-04-11 21:11:19.481761,6,21,980,moderate,rf
2113,43,hasa_rf_02,4.6235,2026-04-11 21:11:52.759951,6,21,980,moderate,rf
2114,43,hasa_rf_02,4.302,2026-04-11 21:12:21.380654,6,21,981,moderate,rf
2115,43,hasa_rf_02,4.561,2026-04-11 21:12:43.398286,6,21,981,moderate,rf
2116,43,hasa_rf_02,4.586,2026-04-11 21:12:56.023316,6,21,982,moderate,rf
2244,43,hasa_rf_02,4.124499999999999,2026-04-12 00:48:32.603232,0,0,1197,moderate,rf
2245,43,hasa_rf_02,4.167,2026-04-12 00:48:42.593090,0,0,1197,moderate,rf
2246,43,hasa_rf_02,4.145,2026-04-12 00:48:52.367062,0,0,1197,moderate,rf
2247,43,hasa_rf_02,4.163,2026-04-12 00:49:01.358521,0,0,1198,moderate,rf
2248,43,hasa_rf_02,4.135,2026-04-12 00:49:09.781545,0,0,1198,moderate,rf
2249,43,hasa_rf_02,4.146,2026-04-12 00:49:18.970215,0,0,1198,moderate,rf
2250,43,hasa_rf_02,4.1395,2026-04-12 00:49:30.297800,0,0,1198,moderate,rf
2406,43,hasa_rf_02,4.6745,2026-04-12 05:21:32.663086,0,5,1470,moderate,rf
2407,43,hasa_rf_02,4.774,2026-04-12 05:22:08.526500,0,5,1471,moderate,rf
2410,43,hasa_rf_02,4.781,2026-04-12 05:24:31.223367,0,5,1473,moderate,rf
2411,43,hasa_rf_02,4.811,2026-04-12 05:24:46.603750,0,5,1473,moderate,rf
2412,43,hasa_rf_02,4.821,2026-04-12 05:25:01.248091,0,5,1474,moderate,rf
2413,43,hasa_rf_02,4.8215,2026-04-12 05:25:14.691768,0,5,1474,moderate,rf
2591,43,hasa_rf_02,3.198,2026-04-12 15:20:12.537152,0,15,2069,moderate,rf
2592,43,hasa_rf_02,3.212,2026-04-12 15:20:25.769695,0,15,2069,moderate,rf
2593,43,hasa_rf_02,3.213,2026-04-12 15:20:36.695187,0,15,2069,moderate,rf
2594,43,hasa_rf_02,3.2025,2026-04-12 15:20:47.975148,0,15,2069,moderate,rf
2595,43,hasa_rf_02,3.085,2026-04-12 15:21:01.517721,0,15,2070,moderate,rf
2596,43,hasa_rf_02,3.1125,2026-04-12 15:21:11.701284,0,15,2070,moderate,rf
2731,43,hasa_rf_02,3.1790000000000003,2026-04-12 18:48:15.801006,0,18,2277,moderate,rf
2732,43,hasa_rf_02,3.239,2026-04-12 18:48:25.891725,0,18,2277,moderate,rf
2733,43,hasa_rf_02,3.247,2026-04-12 18:48:33.831940,0,18,2277,moderate,rf
2734,43,hasa_rf_02,3.245,2026-04-12 18:48:42.239262,0,18,2277,moderate,rf
2735,43,hasa_rf_02,3.266,2026-04-12 18:48:51.296173,0,18,2277,moderate,rf
2736,43,hasa_rf_02,3.311,2026-04-12 18:49:02.505235,0,18,2278,moderate,rf
2737,43,hasa_rf_02,3.215,2026-04-12 18:49:14.648931,0,18,2278,moderate,rf
2773,44,hasa_rf_03,8.40925,2026-04-11 04:52:48.935947,5,4,0,fresh,rf
2774,44,hasa_rf_03,7.06784,2026-04-11 04:53:03.935947,5,4,0,fresh,rf
2775,44,hasa_rf_03,7.40702,2026-04-11 04:53:19.935947,5,4,0,fresh,rf
2776,44,hasa_rf_03,7.4214,2026-04-11 04:53:30.935947,5,4,0,fresh,rf
2777,44,hasa_rf_03,8.203299999999,2026-04-11 04:53:49.935947,5,4,1,fresh,rf
2778,44,hasa_rf_03,8.158400000001,2026-04-11 04:54:00.935947,5,4,1,fresh,rf
2779,44,hasa_rf_03,7.2983,2026-04-11 04:54:17.935947,5,4,1,fresh,rf
2780,44,hasa_rf_03,7.90894,2026-04-11 04:54:30.935947,5,4,1,fresh,rf
1443,44,hasa_rf_03,4.817,2026-04-11 08:52:45.935947,6,8,240,moderate,rf
1444,44,hasa_rf_03,4.792,2026-04-11 08:53:04.416722,6,8,240,moderate,rf
1445,44,hasa_rf_03,4.7885,2026-04-11 08:53:14.824978,6,8,240,moderate,rf
1446,44,hasa_rf_03,4.7915,2026-04-11 08:53:24.649676,6,8,240,moderate,rf
1447,44,hasa_rf_03,4.761,2026-04-11 08:53:34.640993,6,8,240,moderate,rf
1448,44,hasa_rf_03,4.738,2026-04-11 08:53:43.831705,6,8,240,moderate,rf
1449,44,hasa_rf_03,4.6845,2026-04-11 08:53:53.271794,6,8,241,moderate,rf
1703,44,hasa_rf_03,4.699,2026-04-11 13:40:33.403237,6,13,527,moderate,rf
1704,44,hasa_rf_03,4.661,2026-04-11 13:40:43.026130,6,13,527,moderate,rf
1705,44,hasa_rf_03,4.676,2026-04-11 13:40:52.385315,6,13,528,moderate,rf
1706,44,hasa_rf_03,4.6655,2026-04-11 13:41:04.309916,6,13,528,moderate,rf
1707,44,hasa_rf_03,4.6530000000000005,2026-04-11 13:41:13.183521,6,13,528,moderate,rf
1708,44,hasa_rf_03,4.642,2026-04-11 13:41:22.591251,6,13,528,moderate,rf
1709,44,hasa_rf_03,4.5585,2026-04-11 13:41:31.981601,6,13,528,moderate,rf
1929,44,hasa_rf_03,4.263999999999999,2026-04-11 17:30:04.083954,6,17,757,moderate,rf
1930,44,hasa_rf_03,4.253,2026-04-11 17:30:18.245154,6,17,757,moderate,rf
1931,44,hasa_rf_03,4.2265,2026-04-11 17:30:29.254083,6,17,757,moderate,rf
1932,44,hasa_rf_03,4.2395,2026-04-11 17:30:46.534511,6,17,758,moderate,rf
1933,44,hasa_rf_03,4.218500000000001,2026-04-11 17:31:01.179610,6,17,758,moderate,rf
1934,44,hasa_rf_03,4.175,2026-04-11 17:31:18.493975,6,17,758,moderate,rf
1935,44,hasa_rf_03,4.156,2026-04-11 17:31:34.039597,6,17,758,moderate,rf
1936,44,hasa_rf_03,4.1305,2026-04-11 17:31:49.385641,6,17,759,moderate,rf
2117,44,hasa_rf_03,4.0565,2026-04-11 21:15:44.780368,6,21,982,moderate,rf
2118,44,hasa_rf_03,4.218,2026-04-11 21:16:04.542793,6,21,983,moderate,rf
2119,44,hasa_rf_03,4.1775,2026-04-11 21:16:20.322050,6,21,983,moderate,rf
2120,44,hasa_rf_03,4.267,2026-04-11 21:16:34.733582,6,21,983,moderate,rf
2121,44,hasa_rf_03,4.247,2026-04-11 21:16:49.380095,6,21,984,moderate,rf
2122,44,hasa_rf_03,4.185499999999999,2026-04-11 21:17:08.143260,6,21,984,moderate,rf
2123,44,hasa_rf_03,4.1985,2026-04-11 21:17:22.520526,6,21,984,moderate,rf
2124,44,hasa_rf_03,4.1975,2026-04-11 21:17:36.197785,6,21,984,moderate,rf
2251,44,hasa_rf_03,4.2935,2026-04-12 00:50:22.122170,0,0,1197,moderate,rf
2252,44,hasa_rf_03,4.309,2026-04-12 00:50:32.413777,0,0,1197,moderate,rf
2253,44,hasa_rf_03,4.243,2026-04-12 00:50:42.121406,0,0,1197,moderate,rf
2254,44,hasa_rf_03,4.198,2026-04-12 00:50:51.939715,0,0,1198,moderate,rf
2255,44,hasa_rf_03,4.2195,2026-04-12 00:51:02.187987,0,0,1198,moderate,rf
2414,44,hasa_rf_03,4.9765,2026-04-12 05:26:26.465284,0,5,1473,moderate,rf
2415,44,hasa_rf_03,4.736,2026-04-12 05:28:18.672164,0,5,1475,moderate,rf
2416,44,hasa_rf_03,4.784,2026-04-12 05:28:32.550487,0,5,1475,moderate,rf
2417,44,hasa_rf_03,4.893000000000001,2026-04-12 05:28:45.208685,0,5,1475,moderate,rf
2418,44,hasa_rf_03,4.9475,2026-04-12 05:28:59.054989,0,5,1476,moderate,rf
2419,44,hasa_rf_03,4.890499999999999,2026-04-12 05:29:12.331993,0,5,1476,moderate,rf
2420,44,hasa_rf_03,4.889,2026-04-12 05:29:26.794140,0,5,1476,moderate,rf
2597,44,hasa_rf_03,3.056,2026-04-12 15:22:11.557357,0,15,2069,moderate,rf
2598,44,hasa_rf_03,3.177,2026-04-12 15:22:25.867067,0,15,2069,moderate,rf
2599,44,hasa_rf_03,3.214,2026-04-12 15:22:37.476540,0,15,2069,moderate,rf
2600,44,hasa_rf_03,3.2545,2026-04-12 15:22:47.149539,0,15,2070,moderate,rf
2601,44,hasa_rf_03,3.2575000000000003,2026-04-12 15:22:56.758860,0,15,2070,moderate,rf
2602,44,hasa_rf_03,3.2515,2026-04-12 15:23:06.282641,0,15,2070,moderate,rf
2603,44,hasa_rf_03,3.2990000000000004,2026-04-12 15:23:15.741805,0,15,2070,moderate,rf
2738,44,hasa_rf_03,3.3,2026-04-12 18:50:32.711167,0,18,2277,moderate,rf
2739,44,hasa_rf_03,3.2895000000000003,2026-04-12 18:50:44.989441,0,18,2277,moderate,rf
2740,44,hasa_rf_03,3.3095,2026-04-12 18:50:53.795091,0,18,2278,moderate,rf
2741,44,hasa_rf_03,3.3095,2026-04-12 18:51:02.936900,0,18,2278,moderate,rf
2742,44,hasa_rf_03,3.3310000000000004,2026-04-12 18:51:11.942326,0,18,2278,moderate,rf
2743,44,hasa_rf_03,3.314,2026-04-12 18:51:21.683522,0,18,2278,moderate,rf
2781,45,hasa_rf_04,8.37244,2026-04-11 04:55:34.186265,5,4,0,fresh,rf
2782,45,hasa_rf_04,7.14312,2026-04-11 04:55:50.186265,5,4,0,fresh,rf
2783,45,hasa_rf_04,8.0944,2026-04-11 04:56:08.186265,5,4,0,fresh,rf
2784,45,hasa_rf_04,7.70830000000001,2026-04-11 04:56:21.186265,5,4,0,fresh,rf
2785,45,hasa_rf_04,8.1412,2026-04-11 04:56:36.186265,5,4,1,fresh,rf
2786,45,hasa_rf_04,7.7841,2026-04-11 04:56:51.186265,5,4,1,fresh,rf
2787,45,hasa_rf_04,7.161799999999,2026-04-11 04:57:07.186265,5,4,1,fresh,rf
2788,45,hasa_rf_04,7.47153,2026-04-11 04:57:19.186265,5,4,1,fresh,rf
1451,45,hasa_rf_04,4.988,2026-04-11 08:55:34.186265,6,8,240,moderate,rf
1452,45,hasa_rf_04,4.8355,2026-04-11 08:55:58.156142,6,8,240,moderate,rf
1453,45,hasa_rf_04,4.7795000000000005,2026-04-11 08:56:11.418195,6,8,240,moderate,rf
1454,45,hasa_rf_04,4.717499999999999,2026-04-11 08:56:23.492574,6,8,240,moderate,rf
1455,45,hasa_rf_04,4.6455,2026-04-11 08:56:33.550232,6,8,240,moderate,rf
1456,45,hasa_rf_04,4.821,2026-04-11 08:56:47.930343,6,8,241,moderate,rf
1457,45,hasa_rf_04,4.8055,2026-04-11 08:56:58.242960,6,8,241,moderate,rf
1710,45,hasa_rf_04,4.496499999999999,2026-04-11 13:41:54.549076,6,13,526,moderate,rf
1711,45,hasa_rf_04,4.622999999999999,2026-04-11 13:42:05.743960,6,13,526,moderate,rf
1712,45,hasa_rf_04,4.6465,2026-04-11 13:42:15.299171,6,13,526,moderate,rf
1713,45,hasa_rf_04,4.575,2026-04-11 13:42:25.039814,6,13,526,moderate,rf
1714,45,hasa_rf_04,4.5615000000000006,2026-04-11 13:42:34.315061,6,13,527,moderate,rf
1715,45,hasa_rf_04,4.322,2026-04-11 13:42:45.624697,6,13,527,moderate,rf
1716,45,hasa_rf_04,4.3835,2026-04-11 13:42:57.083552,6,13,527,moderate,rf
1937,45,hasa_rf_04,4.36,2026-04-11 17:32:34.606213,6,17,757,moderate,rf
1938,45,hasa_rf_04,4.379,2026-04-11 17:32:48.283144,6,17,757,moderate,rf
1939,45,hasa_rf_04,4.343,2026-04-11 17:33:01.827762,6,17,757,moderate,rf
1940,45,hasa_rf_04,4.376,2026-04-11 17:33:21.659439,6,17,757,moderate,rf
1941,45,hasa_rf_04,4.3645,2026-04-11 17:33:34.653552,6,17,758,moderate,rf
1942,45,hasa_rf_04,4.374,2026-04-11 17:33:47.064430,6,17,758,moderate,rf
1943,45,hasa_rf_04,4.3715,2026-04-11 17:34:01.859856,6,17,758,moderate,rf
2125,45,hasa_rf_04,4.311,2026-04-11 21:18:29.740893,6,21,982,moderate,rf
2126,45,hasa_rf_04,4.353,2026-04-11 21:18:48.072860,6,21,983,moderate,rf
2127,45,hasa_rf_04,4.381,2026-04-11 21:19:08.940197,6,21,983,moderate,rf
2128,45,hasa_rf_04,4.401,2026-04-11 21:19:28.824392,6,21,983,moderate,rf
2129,45,hasa_rf_04,4.433999999999999,2026-04-11 21:19:45.536098,6,21,984,moderate,rf
2130,45,hasa_rf_04,4.3525,2026-04-11 21:20:58.545436,6,21,985,moderate,rf
2131,45,hasa_rf_04,4.4755,2026-04-11 21:21:21.277717,6,21,985,moderate,rf
2132,45,hasa_rf_04,4.456,2026-04-11 21:21:36.040667,6,21,986,moderate,rf
2133,45,hasa_rf_04,4.4745,2026-04-11 21:21:59.544153,6,21,986,moderate,rf
2256,45,hasa_rf_04,4.174,2026-04-12 00:51:37.582700,0,0,1196,moderate,rf
2257,45,hasa_rf_04,4.2125,2026-04-12 00:51:51.362021,0,0,1196,moderate,rf
2258,45,hasa_rf_04,4.1905,2026-04-12 00:52:01.418898,0,0,1196,moderate,rf
2259,45,hasa_rf_04,4.166499999999999,2026-04-12 00:52:11.527049,0,0,1196,moderate,rf
2260,45,hasa_rf_04,4.1295,2026-04-12 00:52:20.800364,0,0,1196,moderate,rf
2261,45,hasa_rf_04,4.073,2026-04-12 00:52:30.039477,0,0,1196,moderate,rf
2421,45,hasa_rf_04,4.771,2026-04-12 05:30:23.187111,0,5,1474,moderate,rf
2422,45,hasa_rf_04,4.8185,2026-04-12 05:30:36.147723,0,5,1475,moderate,rf
2423,45,hasa_rf_04,4.896,2026-04-12 05:30:50.827738,0,5,1475,moderate,rf
2424,45,hasa_rf_04,4.9835,2026-04-12 05:31:06.007226,0,5,1475,moderate,rf
2427,45,hasa_rf_04,4.91,2026-04-12 05:32:26.152940,0,5,1476,moderate,rf
2428,45,hasa_rf_04,4.952,2026-04-12 05:32:41.648086,0,5,1477,moderate,rf
2429,45,hasa_rf_04,4.951,2026-04-12 05:32:54.976989,0,5,1477,moderate,rf
2430,45,hasa_rf_04,4.9295,2026-04-12 05:33:06.970209,0,5,1477,moderate,rf
2604,45,hasa_rf_04,3.3435,2026-04-12 15:24:08.948401,0,15,2068,moderate,rf
2605,45,hasa_rf_04,3.338,2026-04-12 15:24:33.688731,0,15,2068,moderate,rf
2606,45,hasa_rf_04,3.5025,2026-04-12 15:25:22.424759,0,15,2069,moderate,rf
2607,45,hasa_rf_04,3.567,2026-04-12 15:25:38.855534,0,15,2070,moderate,rf
2608,45,hasa_rf_04,3.57,2026-04-12 15:25:52.530603,0,15,2070,moderate,rf
2609,45,hasa_rf_04,3.583,2026-04-12 15:26:05.708956,0,15,2070,moderate,rf
2610,45,hasa_rf_04,3.5785,2026-04-12 15:26:17.767757,0,15,2070,moderate,rf
2611,45,hasa_rf_04,3.5825,2026-04-12 15:26:28.211895,0,15,2070,moderate,rf
2612,45,hasa_rf_04,3.52,2026-04-12 15:26:40.288699,0,15,2071,moderate,rf
2744,45,hasa_rf_04,3.157,2026-04-12 18:52:41.748689,0,18,2277,moderate,rf
2745,45,hasa_rf_04,3.1895,2026-04-12 18:52:52.489308,0,18,2277,moderate,rf
2746,45,hasa_rf_04,3.193,2026-04-12 18:53:01.796281,0,18,2277,moderate,rf
2747,45,hasa_rf_04,3.1445,2026-04-12 18:53:11.120560,0,18,2277,moderate,rf
2748,45,hasa_rf_04,3.189,2026-04-12 18:53:20.344830,0,18,2277,moderate,rf
2749,45,hasa_rf_04,3.208,2026-04-12 18:53:29.540817,0,18,2277,moderate,rf
2789,46,hasa_rf_05,7.3739,2026-04-11 04:57:20.702961,5,4,0,fresh,rf
2790,46,hasa_rf_05,7.343199999999,2026-04-11 04:57:35.702961,5,4,0,fresh,rf
2791,46,hasa_rf_05,7.2418,2026-04-11 04:57:48.702961,5,4,0,fresh,rf
2792,46,hasa_rf_05,7.15824,2026-04-11 04:58:01.702961,5,4,0,fresh,rf
2793,46,hasa_rf_05,7.62476,2026-04-11 04:58:19.702961,5,4,1,fresh,rf
2794,46,hasa_rf_05,7.18313,2026-04-11 04:58:32.702961,5,4,1,fresh,rf
2795,46,hasa_rf_05,7.4082,2026-04-11 04:58:46.702961,5,4,1,fresh,rf
2796,46,hasa_rf_05,7.52885,2026-04-11 04:59:04.702961,5,4,1,fresh,rf
1458,46,hasa_rf_05,4.875500000000001,2026-04-11 08:57:16.702961,6,8,240,moderate,rf
1459,46,hasa_rf_05,4.814,2026-04-11 08:57:38.385112,6,8,240,moderate,rf
1460,46,hasa_rf_05,4.9345,2026-04-11 08:58:02.688926,6,8,240,moderate,rf
1461,46,hasa_rf_05,4.8525,2026-04-11 08:58:16.468510,6,8,240,moderate,rf
1462,46,hasa_rf_05,5.1715,2026-04-11 08:58:33.634615,6,8,241,moderate,rf
1463,46,hasa_rf_05,5.212,2026-04-11 08:58:51.277654,6,8,241,moderate,rf
1464,46,hasa_rf_05,4.8975,2026-04-11 08:59:13.071714,6,8,241,moderate,rf
1465,46,hasa_rf_05,4.925,2026-04-11 08:59:29.975919,6,8,242,moderate,rf
1717,46,hasa_rf_05,4.36,2026-04-11 13:43:23.437070,6,13,526,moderate,rf
1718,46,hasa_rf_05,4.385,2026-04-11 13:43:33.230022,6,13,526,moderate,rf
1719,46,hasa_rf_05,4.560499999999999,2026-04-11 13:43:46.806430,6,13,526,moderate,rf
1720,46,hasa_rf_05,4.416,2026-04-11 13:43:56.079855,6,13,526,moderate,rf
1721,46,hasa_rf_05,4.5245,2026-04-11 13:44:07.322201,6,13,526,moderate,rf
1722,46,hasa_rf_05,4.5265,2026-04-11 13:44:18.514927,6,13,527,moderate,rf
1944,46,hasa_rf_05,4.397,2026-04-11 17:34:57.103676,6,17,757,moderate,rf
1945,46,hasa_rf_05,4.3785,2026-04-11 17:35:17.753577,6,17,758,moderate,rf
1946,46,hasa_rf_05,4.4355,2026-04-11 17:35:32.481056,6,17,758,moderate,rf
1947,46,hasa_rf_05,4.377000000000001,2026-04-11 17:35:45.608224,6,17,758,moderate,rf
1948,46,hasa_rf_05,4.3525,2026-04-11 17:35:56.667150,6,17,758,moderate,rf
1949,46,hasa_rf_05,4.357,2026-04-11 17:36:15.648101,6,17,758,moderate,rf
1950,46,hasa_rf_05,4.3515,2026-04-11 17:36:27.190928,6,17,759,moderate,rf
1951,46,hasa_rf_05,4.356,2026-04-11 17:36:38.117877,6,17,759,moderate,rf
2134,46,hasa_rf_05,4.567,2026-04-11 21:22:53.671084,6,21,985,moderate,rf
2135,46,hasa_rf_05,4.2595,2026-04-11 21:23:31.733354,6,21,986,moderate,rf
2136,46,hasa_rf_05,4.510999999999999,2026-04-11 21:23:51.449073,6,21,986,moderate,rf
2137,46,hasa_rf_05,4.5225,2026-04-11 21:24:16.584835,6,21,986,moderate,rf
2138,46,hasa_rf_05,4.5865,2026-04-11 21:24:33.951410,6,21,987,moderate,rf
2262,46,hasa_rf_05,4.204000000000001,2026-04-12 00:52:58.565126,0,0,1195,moderate,rf
2263,46,hasa_rf_05,4.156499999999999,2026-04-12 00:53:12.742199,0,0,1195,moderate,rf
2264,46,hasa_rf_05,4.159,2026-04-12 00:53:22.381816,0,0,1196,moderate,rf
2265,46,hasa_rf_05,4.1115,2026-04-12 00:53:33.291626,0,0,1196,moderate,rf
2266,46,hasa_rf_05,4.0920000000000005,2026-04-12 00:53:42.116624,0,0,1196,moderate,rf
2431,46,hasa_rf_05,5.124499999999999,2026-04-12 05:34:55.255412,0,5,1477,moderate,rf
2433,46,hasa_rf_05,5.346,2026-04-12 05:35:54.720885,0,5,1478,moderate,rf
2434,46,hasa_rf_05,5.3505,2026-04-12 05:36:10.865805,0,5,1478,moderate,rf
2437,46,hasa_rf_05,5.2675,2026-04-12 05:39:50.390787,0,5,1482,moderate,rf
2438,46,hasa_rf_05,5.294,2026-04-12 05:40:06.169188,0,5,1482,moderate,rf
2439,46,hasa_rf_05,5.328,2026-04-12 05:40:22.117844,0,5,1483,moderate,rf
2613,46,hasa_rf_05,3.603,2026-04-12 15:27:15.731833,0,15,2069,moderate,rf
2614,46,hasa_rf_05,3.6595,2026-04-12 15:27:26.608011,0,15,2070,moderate,rf
2615,46,hasa_rf_05,3.6965,2026-04-12 15:27:38.265095,0,15,2070,moderate,rf
2616,46,hasa_rf_05,3.6555,2026-04-12 15:27:48.024477,0,15,2070,moderate,rf
2617,46,hasa_rf_05,3.6465,2026-04-12 15:27:59.482931,0,15,2070,moderate,rf
2618,46,hasa_rf_05,3.6515,2026-04-12 15:28:08.641761,0,15,2070,moderate,rf
2619,46,hasa_rf_05,3.613,2026-04-12 15:28:21.316659,0,15,2071,moderate,rf
2620,46,hasa_rf_05,3.629,2026-04-12 15:28:32.875949,0,15,2071,moderate,rf
2621,46,hasa_rf_05,3.6305,2026-04-12 15:28:45.804354,0,15,2071,moderate,rf
2622,46,hasa_rf_05,3.6345,2026-04-12 15:28:56.910160,0,15,2071,moderate,rf
2751,46,hasa_rf_05,3.5355,2026-04-12 18:54:50.885193,0,18,2277,moderate,rf
2752,46,hasa_rf_05,3.4545000000000003,2026-04-12 18:55:01.730875,0,18,2277,moderate,rf
2753,46,hasa_rf_05,3.441,2026-04-12 18:55:13.335315,0,18,2277,moderate,rf
2754,46,hasa_rf_05,3.4275,2026-04-12 18:55:34.001263,0,18,2278,moderate,rf
2755,46,hasa_rf_05,3.4405,2026-04-12 18:55:44.160555,0,18,2278,moderate,rf
2756,46,hasa_rf_05,3.4275,2026-04-12 18:55:55.069628,0,18,2278,moderate,rf
664,30,tamarong_rf_05,9.521,2026-04-10 08:58:34.506750,5,8,0,fresh,rf
665,30,tamarong_rf_05,9.3455,2026-04-10 08:58:45.047328,5,8,0,fresh,rf
666,30,tamarong_rf_05,9.508,2026-04-10 08:58:58.593984,5,8,0,fresh,rf
667,30,tamarong_rf_05,9.577,2026-04-10 08:59:11.987430,5,8,0,fresh,rf
668,30,tamarong_rf_05,9.5045,2026-04-10 08:59:24.782327,5,8,0,fresh,rf
669,30,tamarong_rf_05,9.3965,2026-04-10 08:59:38.125066,5,8,1,fresh,rf
811,30,tamarong_rf_05,3.878,2026-04-10 13:30:40.602463,5,13,272,moderate,rf
812,30,tamarong_rf_05,3.8825,2026-04-10 13:30:55.080251,5,13,272,moderate,rf
813,30,tamarong_rf_05,3.8735,2026-04-10 13:31:10.892868,5,13,272,moderate,rf
814,30,tamarong_rf_05,3.8755,2026-04-10 13:31:27.573374,5,13,272,moderate,rf
815,30,tamarong_rf_05,3.8515,2026-04-10 13:31:43.101973,5,13,273,moderate,rf
961,30,tamarong_rf_05,4.183,2026-04-10 18:34:59.877223,5,18,576,moderate,rf
962,30,tamarong_rf_05,4.0865,2026-04-10 18:35:15.288139,5,18,576,moderate,rf
963,30,tamarong_rf_05,4.124,2026-04-10 18:35:25.265133,5,18,576,moderate,rf
964,30,tamarong_rf_05,4.117,2026-04-10 18:35:39.140555,5,18,577,moderate,rf
965,30,tamarong_rf_05,4.1035,2026-04-10 18:35:52.417963,5,18,577,moderate,rf
966,30,tamarong_rf_05,4.128,2026-04-10 18:36:05.945651,5,18,577,moderate,rf
1102,30,tamarong_rf_05,3.817,2026-04-10 21:01:08.818000,5,21,722,moderate,rf
1103,30,tamarong_rf_05,4.035,2026-04-10 21:01:23.229690,5,21,722,moderate,rf
1104,30,tamarong_rf_05,4.022,2026-04-10 21:01:32.254235,5,21,722,moderate,rf
1105,30,tamarong_rf_05,4.037,2026-04-10 21:01:42.778181,5,21,723,moderate,rf
1106,30,tamarong_rf_05,4.074999999999999,2026-04-10 21:01:55.655068,5,21,723,moderate,rf
1107,30,tamarong_rf_05,4.074,2026-04-10 21:02:06.012954,5,21,723,moderate,rf
1253,30,tamarong_rf_05,4.2905,2026-04-11 00:55:17.133652,6,0,956,moderate,rf
1254,30,tamarong_rf_05,4.241,2026-04-11 00:55:32.929779,6,0,956,moderate,rf
1255,30,tamarong_rf_05,4.171,2026-04-11 00:55:44.207308,6,0,957,moderate,rf
1256,30,tamarong_rf_05,4.1395,2026-04-11 00:55:57.733929,6,0,957,moderate,rf
1257,30,tamarong_rf_05,4.135,2026-04-11 00:56:06.639788,6,0,957,moderate,rf
1258,30,tamarong_rf_05,4.169499999999999,2026-04-11 00:56:17.801993,6,0,957,moderate,rf
1324,30,tamarong_rf_05,4.087,2026-04-11 05:01:55.021898,6,5,1203,moderate,rf
1325,30,tamarong_rf_05,4.1005,2026-04-11 05:02:16.657060,6,5,1203,moderate,rf
1326,30,tamarong_rf_05,4.1005,2026-04-11 05:02:28.115342,6,5,1203,moderate,rf
1327,30,tamarong_rf_05,3.995,2026-04-11 05:02:40.407934,6,5,1204,moderate,rf
1328,30,tamarong_rf_05,3.988,2026-04-11 05:02:51.601593,6,5,1204,moderate,rf
1329,30,tamarong_rf_05,3.9685,2026-04-11 05:03:02.225887,6,5,1204,moderate,rf
1330,30,tamarong_rf_05,3.923,2026-04-11 05:03:12.400993,6,5,1204,moderate,rf
1332,30,tamarong_rf_05,3.8945,2026-04-11 05:03:34.368889,6,5,1204,moderate,rf
1538,30,tamarong_rf_05,3.9405,2026-04-11 09:49:16.678605,6,9,1490,moderate,rf
1539,30,tamarong_rf_05,3.399,2026-04-11 09:49:29.055398,6,9,1490,moderate,rf
1540,30,tamarong_rf_05,4.65,2026-04-11 09:49:51.121855,6,9,1491,moderate,rf
1541,30,tamarong_rf_05,4.595,2026-04-11 09:50:01.180933,6,9,1491,moderate,rf
1542,30,tamarong_rf_05,4.423,2026-04-11 09:50:16.043434,6,9,1491,moderate,rf
1543,30,tamarong_rf_05,4.415,2026-04-11 09:50:28.231509,6,9,1491,moderate,rf
1544,30,tamarong_rf_05,4.3055,2026-04-11 09:50:53.521530,6,9,1492,moderate,rf
1751,30,tamarong_rf_05,4.8045,2026-04-11 13:56:14.670563,6,13,1737,moderate,rf
1752,30,tamarong_rf_05,4.8385,2026-04-11 13:56:24.595383,6,13,1737,moderate,rf
1753,30,tamarong_rf_05,4.8740000000000006,2026-04-11 13:56:35.187476,6,13,1738,moderate,rf
1754,30,tamarong_rf_05,4.892,2026-04-11 13:56:44.811995,6,13,1738,moderate,rf
1755,30,tamarong_rf_05,4.922,2026-04-11 13:56:55.038208,6,13,1738,moderate,rf
1756,30,tamarong_rf_05,4.9365000000000006,2026-04-11 13:57:06.560110,6,13,1738,moderate,rf
1982,30,tamarong_rf_05,3.641,2026-04-11 17:51:46.659737,6,17,1973,moderate,rf
1983,30,tamarong_rf_05,3.525,2026-04-11 17:52:05.874811,6,17,1973,moderate,rf
1984,30,tamarong_rf_05,3.667,2026-04-11 17:52:19.802217,6,17,1973,moderate,rf
1985,30,tamarong_rf_05,3.452,2026-04-11 17:52:50.926709,6,17,1974,moderate,rf
1986,30,tamarong_rf_05,3.3975,2026-04-11 17:53:07.240971,6,17,1974,moderate,rf
1987,30,tamarong_rf_05,3.6125,2026-04-11 17:53:27.705996,6,17,1974,moderate,rf
1988,30,tamarong_rf_05,3.4685,2026-04-11 17:53:55.444912,6,17,1975,moderate,rf
1989,30,tamarong_rf_05,3.483,2026-04-11 17:54:25.285933,6,17,1975,moderate,rf
1990,30,tamarong_rf_05,3.6245,2026-04-11 17:54:43.683503,6,17,1976,moderate,rf
2168,30,tamarong_rf_05,3.798,2026-04-11 21:37:40.078225,6,21,2199,moderate,rf
2169,30,tamarong_rf_05,3.6475,2026-04-11 21:37:57.009158,6,21,2199,moderate,rf
2170,30,tamarong_rf_05,3.8325,2026-04-11 21:38:10.401684,6,21,2199,moderate,rf
2171,30,tamarong_rf_05,3.9455,2026-04-11 21:38:26.398033,6,21,2199,moderate,rf
2172,30,tamarong_rf_05,3.9205,2026-04-11 21:38:41.409368,6,21,2200,moderate,rf
2173,30,tamarong_rf_05,3.8785,2026-04-11 21:38:55.639121,6,21,2200,moderate,rf
2174,30,tamarong_rf_05,3.821,2026-04-11 21:39:06.278074,6,21,2200,moderate,rf
2291,30,tamarong_rf_05,4.2045,2026-04-12 01:02:06.903346,0,1,2403,moderate,rf
2292,30,tamarong_rf_05,4.0915,2026-04-12 01:03:15.121674,0,1,2404,moderate,rf
2293,30,tamarong_rf_05,3.804,2026-04-12 01:03:39.958152,0,1,2405,moderate,rf
2294,30,tamarong_rf_05,4.202999999999999,2026-04-12 01:03:52.553791,0,1,2405,moderate,rf
2295,30,tamarong_rf_05,4.209,2026-04-12 01:04:03.611201,0,1,2405,moderate,rf
2296,30,tamarong_rf_05,4.1425,2026-04-12 01:04:14.904362,0,1,2405,moderate,rf
2297,30,tamarong_rf_05,4.125,2026-04-12 01:04:30.331625,0,1,2405,moderate,rf
2298,30,tamarong_rf_05,4.113,2026-04-12 01:04:45.360244,0,1,2406,moderate,rf
2469,30,tamarong_rf_05,4.5665,2026-04-12 05:51:53.754761,0,5,2693,moderate,rf
2470,30,tamarong_rf_05,4.603,2026-04-12 05:52:08.981782,0,5,2693,moderate,rf
2471,30,tamarong_rf_05,4.5075,2026-04-12 05:52:18.955970,0,5,2693,moderate,rf
2472,30,tamarong_rf_05,4.515499999999999,2026-04-12 05:52:34.185108,0,5,2693,moderate,rf
2473,30,tamarong_rf_05,4.5505,2026-04-12 05:52:47.911704,0,5,2694,moderate,rf
2474,30,tamarong_rf_05,4.5305,2026-04-12 05:53:06.111495,0,5,2694,moderate,rf
2577,30,tamarong_rf_05,3.056,2026-04-12 15:14:18.377678,0,15,3255,moderate,rf
2578,30,tamarong_rf_05,3.096,2026-04-12 15:14:28.016149,0,15,3255,moderate,rf
2579,30,tamarong_rf_05,3.116,2026-04-12 15:14:46.766425,0,15,3256,moderate,rf
2580,30,tamarong_rf_05,3.116,2026-04-12 15:14:58.040550,0,15,3256,moderate,rf
2581,30,tamarong_rf_05,3.1015,2026-04-12 15:15:11.671809,0,15,3256,moderate,rf
2720,30,tamarong_rf_05,3.2695,2026-04-12 18:45:28.084495,0,18,3466,moderate,rf
2721,30,tamarong_rf_05,3.281,2026-04-12 18:45:38.451032,0,18,3467,moderate,rf
2722,30,tamarong_rf_05,3.272,2026-04-12 18:45:49.284842,0,18,3467,moderate,rf
2723,30,tamarong_rf_05,3.281,2026-04-12 18:46:03.113343,0,18,3467,moderate,rf
2724,30,tamarong_rf_05,3.276,2026-04-12 18:46:14.054312,0,18,3467,moderate,rf
2725,30,tamarong_rf_05,3.2725,2026-04-12 18:46:27.548192,0,18,3467,moderate,rf
658,29,tamarong_rf_04,9.405,2026-04-10 08:54:57.533323,5,8,0,fresh,rf
659,29,tamarong_rf_04,9.443,2026-04-10 08:56:06.421310,5,8,1,fresh,rf
660,29,tamarong_rf_04,9.009,2026-04-10 08:56:16.463250,5,8,1,fresh,rf
661,29,tamarong_rf_04,9.191,2026-04-10 08:56:32.228519,5,8,1,fresh,rf
662,29,tamarong_rf_04,9.099,2026-04-10 08:56:56.045618,5,8,1,fresh,rf
663,29,tamarong_rf_04,9.236,2026-04-10 08:57:10.573995,5,8,2,fresh,rf
804,29,tamarong_rf_04,5.1125,2026-04-10 13:25:30.621513,5,13,270,moderate,rf
805,29,tamarong_rf_04,5.0435,2026-04-10 13:25:44.349318,5,13,270,moderate,rf
806,29,tamarong_rf_04,5.0285,2026-04-10 13:25:59.148334,5,13,271,moderate,rf
807,29,tamarong_rf_04,5.031,2026-04-10 13:26:14.975504,5,13,271,moderate,rf
808,29,tamarong_rf_04,4.9895,2026-04-10 13:26:28.581974,5,13,271,moderate,rf
956,29,tamarong_rf_04,4.363,2026-04-10 18:32:37.163682,5,18,577,moderate,rf
957,29,tamarong_rf_04,4.432499999999999,2026-04-10 18:32:57.360421,5,18,577,moderate,rf
958,29,tamarong_rf_04,4.480499999999999,2026-04-10 18:33:15.575326,5,18,578,moderate,rf
959,29,tamarong_rf_04,4.4765,2026-04-10 18:33:24.517605,5,18,578,moderate,rf
960,29,tamarong_rf_04,4.414,2026-04-10 18:33:37.677985,5,18,578,moderate,rf
1095,29,tamarong_rf_04,3.971,2026-04-10 20:59:32.639583,5,20,724,moderate,rf
1096,29,tamarong_rf_04,4.121,2026-04-10 20:59:44.835033,5,20,724,moderate,rf
1097,29,tamarong_rf_04,4.1075,2026-04-10 20:59:54.674985,5,20,724,moderate,rf
1098,29,tamarong_rf_04,4.18,2026-04-10 21:00:03.248329,5,21,725,moderate,rf
1099,29,tamarong_rf_04,4.117,2026-04-10 21:00:12.172122,5,21,725,moderate,rf
1100,29,tamarong_rf_04,3.9625,2026-04-10 21:00:22.280794,5,21,725,moderate,rf
1101,29,tamarong_rf_04,4.090999999999999,2026-04-10 21:00:35.224407,5,21,725,moderate,rf
1247,29,tamarong_rf_04,4.143,2026-04-11 00:53:30.131553,6,0,958,moderate,rf
1248,29,tamarong_rf_04,4.151,2026-04-11 00:53:39.123246,6,0,958,moderate,rf
1249,29,tamarong_rf_04,4.32,2026-04-11 00:53:51.700737,6,0,958,moderate,rf
1250,29,tamarong_rf_04,4.3005,2026-04-11 00:54:04.210087,6,0,959,moderate,rf
1251,29,tamarong_rf_04,4.297,2026-04-11 00:54:14.133577,6,0,959,moderate,rf
1252,29,tamarong_rf_04,4.1315,2026-04-11 00:54:24.792561,6,0,959,moderate,rf
1317,29,tamarong_rf_04,3.963,2026-04-11 04:59:35.627804,6,4,1204,moderate,rf
1318,29,tamarong_rf_04,3.632,2026-04-11 04:59:50.607413,6,4,1204,moderate,rf
1319,29,tamarong_rf_04,3.993,2026-04-11 05:00:12.590302,6,5,1205,moderate,rf
1320,29,tamarong_rf_04,3.861,2026-04-11 05:00:22.146613,6,5,1205,moderate,rf
1321,29,tamarong_rf_04,3.7895,2026-04-11 05:00:32.723399,6,5,1205,moderate,rf
1322,29,tamarong_rf_04,3.7075,2026-04-11 05:00:42.680919,6,5,1205,moderate,rf
1323,29,tamarong_rf_04,3.86,2026-04-11 05:00:52.721938,6,5,1205,moderate,rf
1531,29,tamarong_rf_04,4.518,2026-04-11 09:46:55.917318,6,9,1491,moderate,rf
1532,29,tamarong_rf_04,4.5440000000000005,2026-04-11 09:47:12.929613,6,9,1492,moderate,rf
1533,29,tamarong_rf_04,4.544499999999999,2026-04-11 09:47:23.271507,6,9,1492,moderate,rf
1534,29,tamarong_rf_04,4.547499999999999,2026-04-11 09:47:33.512549,6,9,1492,moderate,rf
1535,29,tamarong_rf_04,4.539,2026-04-11 09:47:46.641382,6,9,1492,moderate,rf
1536,29,tamarong_rf_04,4.5465,2026-04-11 09:48:00.018821,6,9,1493,moderate,rf
1745,29,tamarong_rf_04,5.103,2026-04-11 13:54:18.961196,6,13,1739,moderate,rf
1746,29,tamarong_rf_04,5.122,2026-04-11 13:54:30.636072,6,13,1739,moderate,rf
1747,29,tamarong_rf_04,4.987,2026-04-11 13:54:43.147161,6,13,1739,moderate,rf
1748,29,tamarong_rf_04,4.932,2026-04-11 13:54:53.591410,6,13,1739,moderate,rf
1749,29,tamarong_rf_04,4.8735,2026-04-11 13:55:06.983253,6,13,1740,moderate,rf
1750,29,tamarong_rf_04,4.897,2026-04-11 13:55:15.639888,6,13,1740,moderate,rf
1973,29,tamarong_rf_04,4.126,2026-04-11 17:48:57.573200,6,17,1974,moderate,rf
1974,29,tamarong_rf_04,4.1795,2026-04-11 17:49:13.402582,6,17,1974,moderate,rf
1975,29,tamarong_rf_04,4.178,2026-04-11 17:49:28.064343,6,17,1974,moderate,rf
1976,29,tamarong_rf_04,4.119,2026-04-11 17:49:41.309115,6,17,1974,moderate,rf
1977,29,tamarong_rf_04,4.105,2026-04-11 17:49:57.387846,6,17,1974,moderate,rf
1978,29,tamarong_rf_04,3.777,2026-04-11 17:50:10.265346,6,17,1975,moderate,rf
1979,29,tamarong_rf_04,3.5225,2026-04-11 17:50:26.961358,6,17,1975,moderate,rf
1980,29,tamarong_rf_04,4.0365,2026-04-11 17:50:37.503143,6,17,1975,moderate,rf
1981,29,tamarong_rf_04,3.7875,2026-04-11 17:50:51.364915,6,17,1975,moderate,rf
2161,29,tamarong_rf_04,4.4185,2026-04-11 21:34:30.442943,6,21,2199,moderate,rf
2162,29,tamarong_rf_04,4.383,2026-04-11 21:34:42.635427,6,21,2199,moderate,rf
2163,29,tamarong_rf_04,4.416,2026-04-11 21:34:57.799145,6,21,2200,moderate,rf
2164,29,tamarong_rf_04,4.4365000000000006,2026-04-11 21:35:13.828902,6,21,2200,moderate,rf
2165,29,tamarong_rf_04,4.3420000000000005,2026-04-11 21:35:30.323839,6,21,2200,moderate,rf
2166,29,tamarong_rf_04,4.467499999999999,2026-04-11 21:35:44.052136,6,21,2200,moderate,rf
2284,29,tamarong_rf_04,4.3295,2026-04-12 00:59:58.633123,0,0,2405,moderate,rf
2285,29,tamarong_rf_04,4.295,2026-04-12 01:00:16.731406,0,1,2405,moderate,rf
2287,29,tamarong_rf_04,4.246499999999999,2026-04-12 01:00:46.252577,0,1,2405,moderate,rf
2288,29,tamarong_rf_04,4.236000000000001,2026-04-12 01:01:03.217281,0,1,2406,moderate,rf
2289,29,tamarong_rf_04,4.193,2026-04-12 01:01:13.926966,0,1,2406,moderate,rf
2290,29,tamarong_rf_04,4.197,2026-04-12 01:01:30.606499,0,1,2406,moderate,rf
2464,29,tamarong_rf_04,4.6915,2026-04-12 05:50:29.367944,0,5,2695,moderate,rf
2465,29,tamarong_rf_04,4.573499999999999,2026-04-12 05:50:44.148369,0,5,2695,moderate,rf
2466,29,tamarong_rf_04,4.666,2026-04-12 05:50:54.455858,0,5,2695,moderate,rf
2467,29,tamarong_rf_04,4.633,2026-04-12 05:51:05.265014,0,5,2696,moderate,rf
2468,29,tamarong_rf_04,4.638,2026-04-12 05:51:15.389178,0,5,2696,moderate,rf
2568,29,tamarong_rf_04,3.0315000000000003,2026-04-12 15:11:49.272780,0,15,3256,moderate,rf
2570,29,tamarong_rf_04,3.041,2026-04-12 15:12:15.144289,0,15,3257,moderate,rf
2571,29,tamarong_rf_04,3.039,2026-04-12 15:12:28.439505,0,15,3257,moderate,rf
2572,29,tamarong_rf_04,3.071,2026-04-12 15:12:38.330564,0,15,3257,moderate,rf
2573,29,tamarong_rf_04,3.0445,2026-04-12 15:12:52.256941,0,15,3257,moderate,rf
2574,29,tamarong_rf_04,3.0685,2026-04-12 15:13:07.218670,0,15,3258,moderate,rf
2575,29,tamarong_rf_04,3.069,2026-04-12 15:13:21.998730,0,15,3258,moderate,rf
2712,29,tamarong_rf_04,3.0325,2026-04-12 18:43:16.745926,0,18,3468,moderate,rf
2713,29,tamarong_rf_04,3.061,2026-04-12 18:43:39.030850,0,18,3468,moderate,rf
2715,29,tamarong_rf_04,3.337,2026-04-12 18:44:12.991194,0,18,3469,moderate,rf
2716,29,tamarong_rf_04,3.278,2026-04-12 18:44:25.333559,0,18,3469,moderate,rf
2717,29,tamarong_rf_04,3.262,2026-04-12 18:44:35.375196,0,18,3469,moderate,rf
2718,29,tamarong_rf_04,3.3565,2026-04-12 18:44:50.538206,0,18,3469,moderate,rf
2719,29,tamarong_rf_04,3.304,2026-04-12 18:45:02.397055,0,18,3470,moderate,rf
652,28,tamarong_rf_03,10.8455,2026-04-10 08:51:07.883513,5,8,0,fresh,rf
653,28,tamarong_rf_03,9.2955,2026-04-10 08:52:04.596413,5,8,0,fresh,rf
655,28,tamarong_rf_03,9.3675,2026-04-10 08:52:46.896472,5,8,1,fresh,rf
656,28,tamarong_rf_03,9.2555,2026-04-10 08:53:10.465741,5,8,2,fresh,rf
657,28,tamarong_rf_03,9.2075,2026-04-10 08:53:23.874554,5,8,2,fresh,rf
788,28,tamarong_rf_03,5.0175,2026-04-10 13:19:43.527815,5,13,268,moderate,rf
789,28,tamarong_rf_03,5.0375,2026-04-10 13:20:03.292427,5,13,268,moderate,rf
790,28,tamarong_rf_03,5.053,2026-04-10 13:20:18.455301,5,13,269,moderate,rf
791,28,tamarong_rf_03,5.056,2026-04-10 13:20:33.566707,5,13,269,moderate,rf
792,28,tamarong_rf_03,5.077,2026-04-10 13:20:49.535152,5,13,269,moderate,rf
793,28,tamarong_rf_03,5.0615000000000006,2026-04-10 13:21:03.292181,5,13,269,moderate,rf
951,28,tamarong_rf_03,4.521,2026-04-10 18:30:15.970176,5,18,579,moderate,rf
952,28,tamarong_rf_03,4.4830000000000005,2026-04-10 18:30:30.746423,5,18,579,moderate,rf
953,28,tamarong_rf_03,4.4745,2026-04-10 18:30:45.825252,5,18,579,moderate,rf
954,28,tamarong_rf_03,4.4165,2026-04-10 18:30:59.918617,5,18,579,moderate,rf
955,28,tamarong_rf_03,4.3985,2026-04-10 18:31:14.328875,5,18,580,moderate,rf
1087,28,tamarong_rf_03,4.2255,2026-04-10 20:57:50.509515,5,20,726,moderate,rf
1088,28,tamarong_rf_03,4.2435,2026-04-10 20:58:01.116176,5,20,726,moderate,rf
1089,28,tamarong_rf_03,4.121,2026-04-10 20:58:09.622969,5,20,727,moderate,rf
1090,28,tamarong_rf_03,4.1355,2026-04-10 20:58:22.151771,5,20,727,moderate,rf
1091,28,tamarong_rf_03,4.0845,2026-04-10 20:58:33.427080,5,20,727,moderate,rf
1092,28,tamarong_rf_03,4.12,2026-04-10 20:58:43.217480,5,20,727,moderate,rf
1093,28,tamarong_rf_03,4.126,2026-04-10 20:58:53.525892,5,20,727,moderate,rf
1094,28,tamarong_rf_03,4.108499999999999,2026-04-10 20:59:04.685490,5,20,727,moderate,rf
1240,28,tamarong_rf_03,4.288,2026-04-11 00:49:26.470952,6,0,958,moderate,rf
1241,28,tamarong_rf_03,4.31,2026-04-11 00:49:35.811354,6,0,958,moderate,rf
1242,28,tamarong_rf_03,4.2755,2026-04-11 00:49:49.922932,6,0,958,moderate,rf
1243,28,tamarong_rf_03,4.282500000000001,2026-04-11 00:50:02.282750,6,0,958,moderate,rf
1244,28,tamarong_rf_03,4.2715,2026-04-11 00:50:17.245975,6,0,959,moderate,rf
1245,28,tamarong_rf_03,4.308,2026-04-11 00:50:34.960337,6,0,959,moderate,rf
1311,28,tamarong_rf_03,3.9805,2026-04-11 04:57:11.245857,6,4,1206,moderate,rf
1312,28,tamarong_rf_03,3.933,2026-04-11 04:57:23.738460,6,4,1206,moderate,rf
1313,28,tamarong_rf_03,3.834,2026-04-11 04:57:33.711648,6,4,1206,moderate,rf
1314,28,tamarong_rf_03,3.8615,2026-04-11 04:57:43.737652,6,4,1206,moderate,rf
1315,28,tamarong_rf_03,3.953,2026-04-11 04:57:54.381572,6,4,1206,moderate,rf
1316,28,tamarong_rf_03,3.921,2026-04-11 04:58:04.904536,6,4,1206,moderate,rf
1526,28,tamarong_rf_03,4.561,2026-04-11 09:44:30.216745,6,9,1493,moderate,rf
1527,28,tamarong_rf_03,4.648,2026-04-11 09:44:46.812647,6,9,1493,moderate,rf
1528,28,tamarong_rf_03,4.629,2026-04-11 09:45:06.542867,6,9,1493,moderate,rf
1529,28,tamarong_rf_03,4.589,2026-04-11 09:45:21.157319,6,9,1494,moderate,rf
1737,28,tamarong_rf_03,3.423,2026-04-11 13:50:49.480526,6,13,1739,moderate,rf
1738,28,tamarong_rf_03,3.4165,2026-04-11 13:51:00.971385,6,13,1739,moderate,rf
1739,28,tamarong_rf_03,3.45,2026-04-11 13:51:13.713236,6,13,1740,moderate,rf
1740,28,tamarong_rf_03,3.3935,2026-04-11 13:51:23.972384,6,13,1740,moderate,rf
1741,28,tamarong_rf_03,3.555,2026-04-11 13:51:34.296863,6,13,1740,moderate,rf
1742,28,tamarong_rf_03,3.5885,2026-04-11 13:51:43.587955,6,13,1740,moderate,rf
1966,28,tamarong_rf_03,4.1895,2026-04-11 17:46:39.913749,6,17,1975,moderate,rf
1967,28,tamarong_rf_03,4.252,2026-04-11 17:47:02.700454,6,17,1975,moderate,rf
1968,28,tamarong_rf_03,3.994,2026-04-11 17:47:16.343634,6,17,1976,moderate,rf
1969,28,tamarong_rf_03,4.019500000000001,2026-04-11 17:47:27.453379,6,17,1976,moderate,rf
1970,28,tamarong_rf_03,4.1355,2026-04-11 17:47:40.445790,6,17,1976,moderate,rf
1971,28,tamarong_rf_03,3.998,2026-04-11 17:47:55.224553,6,17,1976,moderate,rf
1972,28,tamarong_rf_03,3.977,2026-04-11 17:48:05.600379,6,17,1976,moderate,rf
2154,28,tamarong_rf_03,4.5105,2026-04-11 21:31:27.145350,6,21,2200,moderate,rf
2155,28,tamarong_rf_03,4.4515,2026-04-11 21:31:47.547577,6,21,2200,moderate,rf
2156,28,tamarong_rf_03,4.553,2026-04-11 21:31:58.422190,6,21,2200,moderate,rf
2157,28,tamarong_rf_03,4.456,2026-04-11 21:32:23.275869,6,21,2201,moderate,rf
2158,28,tamarong_rf_03,4.5185,2026-04-11 21:32:35.685505,6,21,2201,moderate,rf
2159,28,tamarong_rf_03,4.532,2026-04-11 21:32:52.664857,6,21,2201,moderate,rf
2160,28,tamarong_rf_03,4.333,2026-04-11 21:33:12.981668,6,21,2202,moderate,rf
2279,28,tamarong_rf_03,4.426,2026-04-12 00:58:30.195281,0,0,2407,moderate,rf
2280,28,tamarong_rf_03,4.369,2026-04-12 00:58:52.930314,0,0,2407,moderate,rf
2281,28,tamarong_rf_03,4.365,2026-04-12 00:59:03.455187,0,0,2407,moderate,rf
2282,28,tamarong_rf_03,4.3475,2026-04-12 00:59:19.785103,0,0,2408,moderate,rf
2283,28,tamarong_rf_03,4.425000000000001,2026-04-12 00:59:37.632482,0,0,2408,moderate,rf
2286,28,tamarong_rf_03,4.2620000000000005,2026-04-12 01:00:31.926144,0,1,2409,moderate,rf
2457,28,tamarong_rf_03,4.693,2026-04-12 05:48:20.114777,0,5,2697,moderate,rf
2458,28,tamarong_rf_03,4.7105,2026-04-12 05:48:32.139501,0,5,2697,moderate,rf
2459,28,tamarong_rf_03,4.695,2026-04-12 05:48:43.101597,0,5,2697,moderate,rf
2460,28,tamarong_rf_03,4.6645,2026-04-12 05:48:57.062279,0,5,2697,moderate,rf
2461,28,tamarong_rf_03,4.644500000000001,2026-04-12 05:49:09.170332,0,5,2698,moderate,rf
2462,28,tamarong_rf_03,4.67,2026-04-12 05:49:24.083285,0,5,2698,moderate,rf
2463,28,tamarong_rf_03,4.653499999999999,2026-04-12 05:49:35.092415,0,5,2698,moderate,rf
2561,28,tamarong_rf_03,3.096,2026-04-12 15:08:44.810164,0,15,3257,moderate,rf
2562,28,tamarong_rf_03,3.117,2026-04-12 15:08:56.320731,0,15,3257,moderate,rf
2563,28,tamarong_rf_03,3.099,2026-04-12 15:09:07.428637,0,15,3257,moderate,rf
2564,28,tamarong_rf_03,3.1395,2026-04-12 15:09:22.590178,0,15,3258,moderate,rf
2565,28,tamarong_rf_03,3.118,2026-04-12 15:09:32.663523,0,15,3258,moderate,rf
2566,28,tamarong_rf_03,3.137,2026-04-12 15:09:43.105757,0,15,3258,moderate,rf
2705,28,tamarong_rf_03,3.3105,2026-04-12 18:38:45.876640,0,18,3467,moderate,rf
2706,28,tamarong_rf_03,3.268,2026-04-12 18:39:08.814290,0,18,3468,moderate,rf
2707,28,tamarong_rf_03,3.304,2026-04-12 18:39:21.660895,0,18,3468,moderate,rf
2708,28,tamarong_rf_03,3.306,2026-04-12 18:39:35.419888,0,18,3468,moderate,rf
2709,28,tamarong_rf_03,3.272,2026-04-12 18:39:46.327778,0,18,3468,moderate,rf
2710,28,tamarong_rf_03,3.3015,2026-04-12 18:39:58.671268,0,18,3468,moderate,rf
2711,28,tamarong_rf_03,3.302,2026-04-12 18:40:08.945789,0,18,3469,moderate,rf
646,27,tamarong_rf_02,8.244499999999999,2026-04-10 08:48:39.114963,5,8,0,fresh,rf
647,27,tamarong_rf_02,8.178,2026-04-10 08:48:57.262886,5,8,0,fresh,rf
648,27,tamarong_rf_02,8.175,2026-04-10 08:49:09.807117,5,8,0,fresh,rf
649,27,tamarong_rf_02,8.292,2026-04-10 08:49:30.339354,5,8,0,fresh,rf
650,27,tamarong_rf_02,8.6085,2026-04-10 08:49:43.681367,5,8,1,fresh,rf
651,27,tamarong_rf_02,8.530000000000001,2026-04-10 08:49:57.443891,5,8,1,fresh,rf
794,27,tamarong_rf_02,5.0945,2026-04-10 13:21:36.117827,5,13,272,moderate,rf
795,27,tamarong_rf_02,5.013,2026-04-10 13:22:02.287034,5,13,273,moderate,rf
796,27,tamarong_rf_02,5.023,2026-04-10 13:22:18.867957,5,13,273,moderate,rf
797,27,tamarong_rf_02,4.9815000000000005,2026-04-10 13:22:34.613305,5,13,273,moderate,rf
798,27,tamarong_rf_02,4.9695,2026-04-10 13:22:50.225181,5,13,274,moderate,rf
799,27,tamarong_rf_02,4.9925,2026-04-10 13:23:06.423299,5,13,274,moderate,rf
945,27,tamarong_rf_02,3.947,2026-04-10 18:26:30.390246,5,18,577,moderate,rf
946,27,tamarong_rf_02,3.7175,2026-04-10 18:27:12.869788,5,18,578,moderate,rf
947,27,tamarong_rf_02,3.733,2026-04-10 18:27:31.485274,5,18,578,moderate,rf
948,27,tamarong_rf_02,3.762,2026-04-10 18:27:57.075025,5,18,579,moderate,rf
949,27,tamarong_rf_02,3.7765,2026-04-10 18:28:10.450363,5,18,579,moderate,rf
950,27,tamarong_rf_02,3.782,2026-04-10 18:28:24.408669,5,18,579,moderate,rf
1079,27,tamarong_rf_02,4.1715,2026-04-10 20:55:52.433407,5,20,727,moderate,rf
1080,27,tamarong_rf_02,4.192500000000001,2026-04-10 20:56:05.976477,5,20,727,moderate,rf
1081,27,tamarong_rf_02,4.216,2026-04-10 20:56:15.083558,5,20,727,moderate,rf
1082,27,tamarong_rf_02,4.212,2026-04-10 20:56:24.324604,5,20,727,moderate,rf
1083,27,tamarong_rf_02,4.153499999999999,2026-04-10 20:56:37.666254,5,20,727,moderate,rf
1084,27,tamarong_rf_02,4.085000000000001,2026-04-10 20:56:50.328023,5,20,728,moderate,rf
1085,27,tamarong_rf_02,4.1785,2026-04-10 20:57:03.471382,5,20,728,moderate,rf
1086,27,tamarong_rf_02,3.9685,2026-04-10 20:57:14.646484,5,20,728,moderate,rf
1234,27,tamarong_rf_02,4.561999999999999,2026-04-11 00:47:36.883296,6,0,958,moderate,rf
1235,27,tamarong_rf_02,4.0445,2026-04-11 00:47:51.993260,6,0,959,moderate,rf
1236,27,tamarong_rf_02,4.0185,2026-04-11 00:48:11.211381,6,0,959,moderate,rf
1237,27,tamarong_rf_02,4.097,2026-04-11 00:48:22.053610,6,0,959,moderate,rf
1238,27,tamarong_rf_02,4.1015,2026-04-11 00:48:34.980451,6,0,959,moderate,rf
1239,27,tamarong_rf_02,4.2330000000000005,2026-04-11 00:49:16.897462,6,0,960,moderate,rf
1303,27,tamarong_rf_02,3.905,2026-04-11 04:53:52.821435,6,4,1205,moderate,rf
1304,27,tamarong_rf_02,3.891,2026-04-11 04:54:08.633512,6,4,1205,moderate,rf
1305,27,tamarong_rf_02,3.8475,2026-04-11 04:54:24.978535,6,4,1205,moderate,rf
1306,27,tamarong_rf_02,3.9125,2026-04-11 04:54:38.707932,6,4,1205,moderate,rf
1307,27,tamarong_rf_02,4.062,2026-04-11 04:54:51.950069,6,4,1206,moderate,rf
1308,27,tamarong_rf_02,3.977,2026-04-11 04:55:06.446780,6,4,1206,moderate,rf
1309,27,tamarong_rf_02,3.9355,2026-04-11 04:55:17.570799,6,4,1206,moderate,rf
1516,27,tamarong_rf_02,4.406499999999999,2026-04-11 09:39:49.758997,6,9,1491,moderate,rf
1517,27,tamarong_rf_02,4.413,2026-04-11 09:40:01.935466,6,9,1491,moderate,rf
1518,27,tamarong_rf_02,4.415,2026-04-11 09:40:11.643736,6,9,1491,moderate,rf
1519,27,tamarong_rf_02,4.412,2026-04-11 09:40:20.882761,6,9,1491,moderate,rf
1520,27,tamarong_rf_02,4.421,2026-04-11 09:40:34.764263,6,9,1491,moderate,rf
1521,27,tamarong_rf_02,4.431,2026-04-11 09:40:50.890794,6,9,1492,moderate,rf
1522,27,tamarong_rf_02,4.43,2026-04-11 09:40:59.931868,6,9,1492,moderate,rf
1731,27,tamarong_rf_02,4.7095,2026-04-11 13:48:53.818967,6,13,1740,moderate,rf
1732,27,tamarong_rf_02,4.644,2026-04-11 13:49:09.831439,6,13,1740,moderate,rf
1733,27,tamarong_rf_02,4.754,2026-04-11 13:49:24.610944,6,13,1740,moderate,rf
1734,27,tamarong_rf_02,4.7045,2026-04-11 13:49:35.052144,6,13,1740,moderate,rf
1735,27,tamarong_rf_02,4.737,2026-04-11 13:49:45.658446,6,13,1741,moderate,rf
1736,27,tamarong_rf_02,4.629,2026-04-11 13:49:59.420484,6,13,1741,moderate,rf
1958,27,tamarong_rf_02,4.353999999999999,2026-04-11 17:43:08.295403,6,17,1974,moderate,rf
1959,27,tamarong_rf_02,4.567,2026-04-11 17:43:29.261754,6,17,1974,moderate,rf
1960,27,tamarong_rf_02,4.6295,2026-04-11 17:43:44.173320,6,17,1975,moderate,rf
1961,27,tamarong_rf_02,4.5985,2026-04-11 17:44:04.274188,6,17,1975,moderate,rf
1962,27,tamarong_rf_02,4.372999999999999,2026-04-11 17:44:20.869189,6,17,1975,moderate,rf
1963,27,tamarong_rf_02,3.7975,2026-04-11 17:45:05.554824,6,17,1976,moderate,rf
1964,27,tamarong_rf_02,4.137,2026-04-11 17:45:24.903986,6,17,1976,moderate,rf
1965,27,tamarong_rf_02,3.8115,2026-04-11 17:45:42.684703,6,17,1977,moderate,rf
2147,27,tamarong_rf_02,4.2535,2026-04-11 21:28:10.289813,6,21,2199,moderate,rf
2148,27,tamarong_rf_02,4.3305,2026-04-11 21:28:32.901370,6,21,2199,moderate,rf
2149,27,tamarong_rf_02,4.172000000000001,2026-04-11 21:28:52.289254,6,21,2200,moderate,rf
2150,27,tamarong_rf_02,4.247999999999999,2026-04-11 21:29:08.885707,6,21,2200,moderate,rf
2151,27,tamarong_rf_02,4.1795,2026-04-11 21:29:28.935588,6,21,2200,moderate,rf
2152,27,tamarong_rf_02,4.2545,2026-04-11 21:29:43.314333,6,21,2201,moderate,rf
2273,27,tamarong_rf_02,4.193,2026-04-12 00:56:16.356647,0,0,2407,moderate,rf
2274,27,tamarong_rf_02,4.216,2026-04-12 00:56:26.145335,0,0,2407,moderate,rf
2275,27,tamarong_rf_02,4.21,2026-04-12 00:56:38.088347,0,0,2407,moderate,rf
2276,27,tamarong_rf_02,4.121,2026-04-12 00:56:49.445922,0,0,2408,moderate,rf
2277,27,tamarong_rf_02,4.1815,2026-04-12 00:57:19.288851,0,0,2408,moderate,rf
2278,27,tamarong_rf_02,4.134,2026-04-12 00:57:34.016908,0,0,2408,moderate,rf
2451,27,tamarong_rf_02,5.19,2026-04-12 05:44:54.752580,0,5,2696,moderate,rf
2452,27,tamarong_rf_02,4.8675,2026-04-12 05:45:44.975055,0,5,2697,moderate,rf
2453,27,tamarong_rf_02,4.8495,2026-04-12 05:46:00.504016,0,5,2697,moderate,rf
2454,27,tamarong_rf_02,4.7685,2026-04-12 05:46:17.484324,0,5,2697,moderate,rf
2455,27,tamarong_rf_02,4.824,2026-04-12 05:46:35.064714,0,5,2697,moderate,rf
2456,27,tamarong_rf_02,4.817500000000001,2026-04-12 05:46:51.278639,0,5,2698,moderate,rf
2552,27,tamarong_rf_02,3.0285,2026-04-12 15:06:00.780280,0,15,3257,moderate,rf
2553,27,tamarong_rf_02,3.118,2026-04-12 15:06:16.308390,0,15,3257,moderate,rf
2554,27,tamarong_rf_02,3.119,2026-04-12 15:06:31.552318,0,15,3257,moderate,rf
2555,27,tamarong_rf_02,3.0725,2026-04-12 15:06:45.881936,0,15,3258,moderate,rf
2556,27,tamarong_rf_02,3.044,2026-04-12 15:06:56.690231,0,15,3258,moderate,rf
2557,27,tamarong_rf_02,3.06,2026-04-12 15:07:14.238083,0,15,3258,moderate,rf
2558,27,tamarong_rf_02,3.051,2026-04-12 15:07:25.662107,0,15,3258,moderate,rf
2559,27,tamarong_rf_02,3.013,2026-04-12 15:07:34.220804,0,15,3258,moderate,rf
2700,27,tamarong_rf_02,3.1865,2026-04-12 18:37:23.097082,0,18,3468,moderate,rf
2701,27,tamarong_rf_02,3.2345,2026-04-12 18:37:36.958004,0,18,3468,moderate,rf
2702,27,tamarong_rf_02,3.177,2026-04-12 18:37:49.617089,0,18,3469,moderate,rf
2703,27,tamarong_rf_02,3.183,2026-04-12 18:38:00.743133,0,18,3469,moderate,rf
2704,27,tamarong_rf_02,3.155,2026-04-12 18:38:14.454898,0,18,3469,moderate,rf
641,26,tamarong_rf_01,8.721,2026-04-10 08:46:19.203020,5,8,0,fresh,rf
642,26,tamarong_rf_01,9.0,2026-04-10 08:46:29.576392,5,8,0,fresh,rf
643,26,tamarong_rf_01,8.9825,2026-04-10 08:46:43.789416,5,8,0,fresh,rf
644,26,tamarong_rf_01,9.667,2026-04-10 08:47:06.323013,5,8,0,fresh,rf
645,26,tamarong_rf_01,8.760000000000002,2026-04-10 08:47:23.738613,5,8,1,fresh,rf
783,26,tamarong_rf_01,3.8125,2026-04-10 13:12:50.747415,5,13,266,moderate,rf
800,26,tamarong_rf_01,4.8735,2026-04-10 13:23:53.191397,5,13,277,moderate,rf
801,26,tamarong_rf_01,4.9105,2026-04-10 13:24:10.805339,5,13,277,moderate,rf
802,26,tamarong_rf_01,4.936999999999999,2026-04-10 13:24:25.301583,5,13,278,moderate,rf
803,26,tamarong_rf_01,4.939,2026-04-10 13:24:44.082281,5,13,278,moderate,rf
926,26,tamarong_rf_01,4.4285,2026-04-10 17:05:16.514541,5,17,498,moderate,rf
927,26,tamarong_rf_01,4.589499999999999,2026-04-10 17:06:00.779944,5,17,499,moderate,rf
928,26,tamarong_rf_01,4.3935,2026-04-10 17:06:35.375345,5,17,500,moderate,rf
929,26,tamarong_rf_01,4.3925,2026-04-10 17:06:48.152753,5,17,500,moderate,rf
938,26,tamarong_rf_01,3.445,2026-04-10 18:23:27.136653,5,18,577,moderate,rf
939,26,tamarong_rf_01,3.4055,2026-04-10 18:23:43.976983,5,18,577,moderate,rf
940,26,tamarong_rf_01,3.479,2026-04-10 18:24:10.829386,5,18,577,moderate,rf
941,26,tamarong_rf_01,3.4685,2026-04-10 18:24:26.557585,5,18,578,moderate,rf
942,26,tamarong_rf_01,3.569,2026-04-10 18:24:38.849609,5,18,578,moderate,rf
943,26,tamarong_rf_01,3.5655,2026-04-10 18:24:52.576200,5,18,578,moderate,rf
1072,26,tamarong_rf_01,4.002,2026-04-10 20:53:33.020385,5,20,727,moderate,rf
1073,26,tamarong_rf_01,4.0365,2026-04-10 20:53:49.033513,5,20,727,moderate,rf
1074,26,tamarong_rf_01,4.056,2026-04-10 20:54:02.259170,5,20,727,moderate,rf
1075,26,tamarong_rf_01,4.1385000000000005,2026-04-10 20:54:16.738545,5,20,727,moderate,rf
1076,26,tamarong_rf_01,4.132,2026-04-10 20:54:26.866218,5,20,728,moderate,rf
1077,26,tamarong_rf_01,4.119,2026-04-10 20:54:37.473150,5,20,728,moderate,rf
1078,26,tamarong_rf_01,4.124,2026-04-10 20:54:46.429429,5,20,728,moderate,rf
1225,26,tamarong_rf_01,4.594,2026-04-11 00:44:08.448816,6,0,957,moderate,rf
1226,26,tamarong_rf_01,4.23,2026-04-11 00:44:26.411818,6,0,958,moderate,rf
1227,26,tamarong_rf_01,4.036,2026-04-11 00:44:40.942962,6,0,958,moderate,rf
1229,26,tamarong_rf_01,4.0665,2026-04-11 00:45:15.753936,6,0,958,moderate,rf
1230,26,tamarong_rf_01,4.410500000000001,2026-04-11 00:45:29.865593,6,0,959,moderate,rf
1231,26,tamarong_rf_01,4.3645,2026-04-11 00:45:44.076895,6,0,959,moderate,rf
1232,26,tamarong_rf_01,3.819,2026-04-11 00:46:11.931911,6,0,959,moderate,rf
1233,26,tamarong_rf_01,4.002,2026-04-11 00:46:29.580086,6,0,960,moderate,rf
1298,26,tamarong_rf_01,3.856,2026-04-11 04:51:38.682528,6,4,1205,moderate,rf
1299,26,tamarong_rf_01,3.8705,2026-04-11 04:51:51.772272,6,4,1205,moderate,rf
1300,26,tamarong_rf_01,3.964,2026-04-11 04:52:06.450952,6,4,1205,moderate,rf
1301,26,tamarong_rf_01,4.029,2026-04-11 04:52:20.079694,6,4,1206,moderate,rf
1302,26,tamarong_rf_01,3.995,2026-04-11 04:52:34.105369,6,4,1206,moderate,rf
1509,26,tamarong_rf_01,4.481,2026-04-11 09:35:44.033184,6,9,1489,moderate,rf
1510,26,tamarong_rf_01,4.4495000000000005,2026-04-11 09:36:00.457211,6,9,1489,moderate,rf
1511,26,tamarong_rf_01,4.359,2026-04-11 09:36:28.013606,6,9,1490,moderate,rf
1512,26,tamarong_rf_01,4.4,2026-04-11 09:36:40.342563,6,9,1490,moderate,rf
1513,26,tamarong_rf_01,4.378,2026-04-11 09:36:52.182718,6,9,1490,moderate,rf
1514,26,tamarong_rf_01,4.398,2026-04-11 09:37:08.580534,6,9,1490,moderate,rf
1515,26,tamarong_rf_01,4.24,2026-04-11 09:37:27.246000,6,9,1491,moderate,rf
1723,26,tamarong_rf_01,4.5895,2026-04-11 13:46:45.215839,6,13,1740,moderate,rf
1724,26,tamarong_rf_01,4.504,2026-04-11 13:47:01.269030,6,13,1740,moderate,rf
1725,26,tamarong_rf_01,4.6025,2026-04-11 13:47:16.791802,6,13,1740,moderate,rf
1726,26,tamarong_rf_01,4.5795,2026-04-11 13:47:28.984388,6,13,1741,moderate,rf
1727,26,tamarong_rf_01,4.505,2026-04-11 13:47:38.491678,6,13,1741,moderate,rf
1728,26,tamarong_rf_01,4.478,2026-04-11 13:47:49.149211,6,13,1741,moderate,rf
1729,26,tamarong_rf_01,4.472,2026-04-11 13:48:08.247258,6,13,1741,moderate,rf
1730,26,tamarong_rf_01,4.473,2026-04-11 13:48:18.008198,6,13,1741,moderate,rf
1952,26,tamarong_rf_01,4.695,2026-04-11 17:37:39.265145,6,17,1971,moderate,rf
1953,26,tamarong_rf_01,4.058,2026-04-11 17:39:04.668390,6,17,1972,moderate,rf
1954,26,tamarong_rf_01,4.205500000000001,2026-04-11 17:39:22.481530,6,17,1973,moderate,rf
1955,26,tamarong_rf_01,4.1865000000000006,2026-04-11 17:39:38.793948,6,17,1973,moderate,rf
1956,26,tamarong_rf_01,4.3695,2026-04-11 17:39:54.390186,6,17,1973,moderate,rf
1957,26,tamarong_rf_01,4.4255,2026-04-11 17:40:11.487545,6,17,1973,moderate,rf
2139,26,tamarong_rf_01,4.2965,2026-04-11 21:25:38.232572,6,21,2199,moderate,rf
2140,26,tamarong_rf_01,4.3135,2026-04-11 21:25:52.460770,6,21,2199,moderate,rf
2141,26,tamarong_rf_01,4.297,2026-04-11 21:26:08.508041,6,21,2199,moderate,rf
2142,26,tamarong_rf_01,4.414,2026-04-11 21:26:39.667263,6,21,2200,moderate,rf
2143,26,tamarong_rf_01,4.341,2026-04-11 21:26:50.108948,6,21,2200,moderate,rf
2144,26,tamarong_rf_01,4.37,2026-04-11 21:27:01.200380,6,21,2200,moderate,rf
2145,26,tamarong_rf_01,4.38,2026-04-11 21:27:24.366118,6,21,2201,moderate,rf
2146,26,tamarong_rf_01,4.311,2026-04-11 21:27:32.842131,6,21,2201,moderate,rf
2267,26,tamarong_rf_01,4.337,2026-04-12 00:54:28.536175,0,0,2408,moderate,rf
2268,26,tamarong_rf_01,4.246,2026-04-12 00:54:51.905392,0,0,2408,moderate,rf
2269,26,tamarong_rf_01,4.202,2026-04-12 00:55:02.546110,0,0,2408,moderate,rf
2270,26,tamarong_rf_01,4.197,2026-04-12 00:55:22.646014,0,0,2409,moderate,rf
2271,26,tamarong_rf_01,4.173500000000001,2026-04-12 00:55:37.174211,0,0,2409,moderate,rf
2272,26,tamarong_rf_01,4.17,2026-04-12 00:55:53.055386,0,0,2409,moderate,rf
2440,26,tamarong_rf_01,5.0015,2026-04-12 05:41:24.300868,0,5,2695,moderate,rf
2441,26,tamarong_rf_01,4.981,2026-04-12 05:41:38.696363,0,5,2695,moderate,rf
2442,26,tamarong_rf_01,5.181,2026-04-12 05:41:49.632855,0,5,2695,moderate,rf
2443,26,tamarong_rf_01,5.2385,2026-04-12 05:42:04.415194,0,5,2695,moderate,rf
2444,26,tamarong_rf_01,5.2095,2026-04-12 05:42:19.945320,0,5,2696,moderate,rf
2446,26,tamarong_rf_01,4.871,2026-04-12 05:43:09.832945,0,5,2696,moderate,rf
2447,26,tamarong_rf_01,4.7385,2026-04-12 05:43:21.443331,0,5,2697,moderate,rf
2448,26,tamarong_rf_01,4.6145,2026-04-12 05:43:36.638843,0,5,2697,moderate,rf
2449,26,tamarong_rf_01,4.69,2026-04-12 05:43:51.267630,0,5,2697,moderate,rf
2450,26,tamarong_rf_01,4.731,2026-04-12 05:44:02.309642,0,5,2697,moderate,rf
2545,26,tamarong_rf_01,3.1125,2026-04-12 15:03:51.893813,0,15,3257,moderate,rf
2546,26,tamarong_rf_01,3.073,2026-04-12 15:04:09.290009,0,15,3257,moderate,rf
2547,26,tamarong_rf_01,3.035,2026-04-12 15:04:25.502915,0,15,3258,moderate,rf
2548,26,tamarong_rf_01,3.031,2026-04-12 15:04:35.676480,0,15,3258,moderate,rf
2549,26,tamarong_rf_01,3.0,2026-04-12 15:04:53.140467,0,15,3258,moderate,rf
2550,26,tamarong_rf_01,3.015,2026-04-12 15:05:09.737801,0,15,3258,moderate,rf
2551,26,tamarong_rf_01,3.0195,2026-04-12 15:05:21.948438,0,15,3259,moderate,rf
2693,26,tamarong_rf_01,3.041,2026-04-12 18:35:05.203629,0,18,3468,moderate,rf
2694,26,tamarong_rf_01,3.139,2026-04-12 18:35:33.625977,0,18,3469,moderate,rf
2695,26,tamarong_rf_01,3.1555,2026-04-12 18:35:48.055031,0,18,3469,moderate,rf
2696,26,tamarong_rf_01,3.187,2026-04-12 18:35:57.928620,0,18,3469,moderate,rf
2697,26,tamarong_rf_01,3.165,2026-04-12 18:36:08.521901,0,18,3469,moderate,rf
2698,26,tamarong_rf_01,3.177,2026-04-12 18:36:26.118035,0,18,3470,moderate,rf
2699,26,tamarong_rf_01,3.174,2026-04-12 18:36:36.142602,0,18,3470,moderate,rf
3120,46,hasa_rf_05,3.2035,2026-04-15 10:48:36.273363,3,10,5871,spoiled,rf
3121,46,hasa_rf_05,3.006,2026-04-15 10:48:45.631236,3,10,5871,spoiled,rf
3122,46,hasa_rf_05,3.0285,2026-04-15 10:48:56.558164,3,10,5871,spoiled,rf
3123,46,hasa_rf_05,2.9665,2026-04-15 10:49:05.197417,3,10,5871,spoiled,rf
3124,46,hasa_rf_05,2.9690000000000003,2026-04-15 10:49:13.687025,3,10,5871,spoiled,rf
3125,46,hasa_rf_05,2.968,2026-04-15 10:49:22.844733,3,10,5872,spoiled,rf
3126,46,hasa_rf_05,2.918,2026-04-15 10:49:34.036560,3,10,5872,spoiled,rf
3127,46,hasa_rf_05,2.9065,2026-04-15 10:49:42.510252,3,10,5872,spoiled,rf
3193,46,hasa_rf_05,3.209,2026-04-15 16:31:50.220956,3,16,6214,spoiled,rf
3194,46,hasa_rf_05,3.245,2026-04-15 16:32:02.547365,3,16,6214,spoiled,rf
3195,46,hasa_rf_05,3.32,2026-04-15 16:32:13.657360,3,16,6214,spoiled,rf
3196,46,hasa_rf_05,3.253,2026-04-15 16:32:25.966740,3,16,6215,spoiled,rf
3197,46,hasa_rf_05,3.262,2026-04-15 16:32:35.490854,3,16,6215,spoiled,rf
3261,46,hasa_rf_05,3.229,2026-04-15 21:38:57.174105,3,21,6521,spoiled,rf
3266,46,hasa_rf_05,3.9115,2026-04-15 21:40:33.484492,3,21,6523,spoiled,rf
3267,46,hasa_rf_05,3.817,2026-04-15 21:40:43.359561,3,21,6523,spoiled,rf
3268,46,hasa_rf_05,3.628,2026-04-15 21:40:51.682406,3,21,6523,spoiled,rf
3269,46,hasa_rf_05,3.686,2026-04-15 21:41:00.356122,3,21,6523,spoiled,rf
3270,46,hasa_rf_05,3.7385,2026-04-15 21:41:08.980490,3,21,6523,spoiled,rf
3271,46,hasa_rf_05,3.7895,2026-04-15 21:41:20.455544,3,21,6524,spoiled,rf
3272,46,hasa_rf_05,3.781,2026-04-15 21:41:28.161987,3,21,6524,spoiled,rf
3442,46,hasa_rf_05,3.136,2026-04-16 09:00:53.100232,4,9,7203,spoiled,rf
3443,46,hasa_rf_05,2.9815,2026-04-16 09:01:04.092395,4,9,7203,spoiled,rf
3444,46,hasa_rf_05,2.887,2026-04-16 09:01:12.382240,4,9,7203,spoiled,rf
3445,46,hasa_rf_05,2.8375000000000004,2026-04-16 09:01:21.606130,4,9,7204,spoiled,rf
3446,46,hasa_rf_05,2.833,2026-04-16 09:01:32.498406,4,9,7204,spoiled,rf
3447,46,hasa_rf_05,2.69,2026-04-16 09:01:41.655465,4,9,7204,spoiled,rf
3448,46,hasa_rf_05,2.236,2026-04-16 09:01:51.146083,4,9,7204,spoiled,rf
3500,46,hasa_rf_05,3.282,2026-04-16 14:24:52.504148,4,14,7527,spoiled,rf
3501,46,hasa_rf_05,3.2195,2026-04-16 14:25:06.248408,4,14,7527,spoiled,rf
3502,46,hasa_rf_05,3.3120000000000003,2026-04-16 14:25:20.459708,4,14,7528,spoiled,rf
3503,46,hasa_rf_05,3.3390000000000004,2026-04-16 14:25:37.339691,4,14,7528,spoiled,rf
3504,46,hasa_rf_05,3.349,2026-04-16 14:25:52.034262,4,14,7528,spoiled,rf
3561,46,hasa_rf_05,3.571,2026-04-16 19:26:59.858396,4,19,7829,spoiled,rf
3562,46,hasa_rf_05,3.6055,2026-04-16 19:27:08.831631,4,19,7829,spoiled,rf
3563,46,hasa_rf_05,3.603,2026-04-16 19:27:17.288558,4,19,7830,spoiled,rf
3564,46,hasa_rf_05,3.607,2026-04-16 19:27:25.678413,4,19,7830,spoiled,rf
3565,46,hasa_rf_05,3.5985,2026-04-16 19:27:34.602468,4,19,7830,spoiled,rf
3566,46,hasa_rf_05,3.6275,2026-04-16 19:27:44.710808,4,19,7830,spoiled,rf
3567,46,hasa_rf_05,3.5975,2026-04-16 19:27:54.018206,4,19,7830,spoiled,rf
3698,46,hasa_rf_05,2.9655,2026-04-17 11:42:14.408247,5,11,8804,spoiled,rf
3699,46,hasa_rf_05,2.9695,2026-04-17 11:42:31.538670,5,11,8805,spoiled,rf
3700,46,hasa_rf_05,2.7995,2026-04-17 11:42:44.598820,5,11,8805,spoiled,rf
3701,46,hasa_rf_05,2.979,2026-04-17 11:42:55.440853,5,11,8805,spoiled,rf
3702,46,hasa_rf_05,2.9275,2026-04-17 11:43:17.108304,5,11,8806,spoiled,rf
3834,46,hasa_rf_05,1.934,2026-04-17 17:01:42.854714,5,17,9124,spoiled,rf
3835,46,hasa_rf_05,1.7040000000000002,2026-04-17 17:01:51.261077,5,17,9124,spoiled,rf
3836,46,hasa_rf_05,1.7895,2026-04-17 17:01:59.668124,5,17,9124,spoiled,rf
3837,46,hasa_rf_05,1.7255,2026-04-17 17:02:09.425918,5,17,9124,spoiled,rf
3838,46,hasa_rf_05,1.751,2026-04-17 17:02:18.116657,5,17,9125,spoiled,rf
3839,46,hasa_rf_05,1.8225,2026-04-17 17:02:26.927318,5,17,9125,spoiled,rf
3840,46,hasa_rf_05,1.9075,2026-04-17 17:02:35.680105,5,17,9125,spoiled,rf
3111,45,hasa_rf_04,3.1260000000000003,2026-04-15 10:45:09.408047,3,10,5869,spoiled,rf
3112,45,hasa_rf_04,2.873,2026-04-15 10:45:20.351483,3,10,5869,spoiled,rf
3113,45,hasa_rf_04,3.0465,2026-04-15 10:45:30.658719,3,10,5869,spoiled,rf
3114,45,hasa_rf_04,3.0495,2026-04-15 10:45:39.215901,3,10,5870,spoiled,rf
3115,45,hasa_rf_04,2.9965,2026-04-15 10:45:48.939527,3,10,5870,spoiled,rf
3116,45,hasa_rf_04,3.0105,2026-04-15 10:45:57.552704,3,10,5870,spoiled,rf
3117,45,hasa_rf_04,2.8355,2026-04-15 10:46:07.387852,3,10,5870,spoiled,rf
3118,45,hasa_rf_04,2.805,2026-04-15 10:46:18.263096,3,10,5870,spoiled,rf
3119,45,hasa_rf_04,2.7935,2026-04-15 10:46:29.372448,3,10,5870,spoiled,rf
3187,45,hasa_rf_04,3.065,2026-04-15 16:30:23.919197,3,16,6214,spoiled,rf
3188,45,hasa_rf_04,3.129,2026-04-15 16:30:37.462875,3,16,6215,spoiled,rf
3189,45,hasa_rf_04,3.181,2026-04-15 16:30:45.686138,3,16,6215,spoiled,rf
3190,45,hasa_rf_04,3.202,2026-04-15 16:30:55.810603,3,16,6215,spoiled,rf
3191,45,hasa_rf_04,3.2195,2026-04-15 16:31:04.867589,3,16,6215,spoiled,rf
3192,45,hasa_rf_04,3.1725,2026-04-15 16:31:16.360317,3,16,6215,spoiled,rf
3256,45,hasa_rf_04,3.8395,2026-04-15 21:38:04.815130,3,21,6522,spoiled,rf
3257,45,hasa_rf_04,3.6555,2026-04-15 21:38:17.993347,3,21,6522,spoiled,rf
3258,45,hasa_rf_04,3.616,2026-04-15 21:38:28.335411,3,21,6522,spoiled,rf
3259,45,hasa_rf_04,3.697,2026-04-15 21:38:37.941236,3,21,6523,spoiled,rf
3260,45,hasa_rf_04,3.474,2026-04-15 21:38:47.716339,3,21,6523,spoiled,rf
3262,45,hasa_rf_04,3.255,2026-04-15 21:39:06.815491,3,21,6523,spoiled,rf
3263,45,hasa_rf_04,3.321,2026-04-15 21:39:18.374975,3,21,6523,spoiled,rf
3264,45,hasa_rf_04,3.3,2026-04-15 21:39:26.947928,3,21,6523,spoiled,rf
3435,45,hasa_rf_04,2.662,2026-04-16 08:59:24.162249,4,8,7203,spoiled,rf
3436,45,hasa_rf_04,2.428,2026-04-16 08:59:33.153783,4,8,7203,spoiled,rf
3437,45,hasa_rf_04,2.578,2026-04-16 08:59:43.061645,4,8,7204,spoiled,rf
3438,45,hasa_rf_04,2.363,2026-04-16 08:59:52.068554,4,8,7204,spoiled,rf
3439,45,hasa_rf_04,2.4855,2026-04-16 09:00:06.212402,4,9,7204,spoiled,rf
3440,45,hasa_rf_04,2.361,2026-04-16 09:00:15.086672,4,9,7204,spoiled,rf
3494,45,hasa_rf_04,3.31,2026-04-16 14:22:23.284759,4,14,7526,spoiled,rf
3495,45,hasa_rf_04,3.2645,2026-04-16 14:22:36.984363,4,14,7527,spoiled,rf
3496,45,hasa_rf_04,3.2535,2026-04-16 14:22:51.523725,4,14,7527,spoiled,rf
3497,45,hasa_rf_04,3.258,2026-04-16 14:23:06.069015,4,14,7527,spoiled,rf
3498,45,hasa_rf_04,3.284,2026-04-16 14:23:52.822770,4,14,7528,spoiled,rf
3499,45,hasa_rf_04,3.274,2026-04-16 14:24:08.434860,4,14,7528,spoiled,rf
3555,45,hasa_rf_04,3.346,2026-04-16 19:25:33.957236,4,19,7829,spoiled,rf
3556,45,hasa_rf_04,3.36,2026-04-16 19:25:47.684332,4,19,7830,spoiled,rf
3557,45,hasa_rf_04,3.391,2026-04-16 19:26:01.445007,4,19,7830,spoiled,rf
3558,45,hasa_rf_04,3.2665,2026-04-16 19:26:10.519418,4,19,7830,spoiled,rf
3559,45,hasa_rf_04,3.1255,2026-04-16 19:26:20.827464,4,19,7830,spoiled,rf
3560,45,hasa_rf_04,3.249,2026-04-16 19:26:31.201827,4,19,7830,spoiled,rf
3691,45,hasa_rf_04,2.8955,2026-04-17 11:40:47.388426,5,11,8805,spoiled,rf
3692,45,hasa_rf_04,2.7135,2026-04-17 11:40:57.263477,5,11,8805,spoiled,rf
3693,45,hasa_rf_04,2.736,2026-04-17 11:41:06.020443,5,11,8805,spoiled,rf
3694,45,hasa_rf_04,2.746,2026-04-17 11:41:14.777174,5,11,8805,spoiled,rf
3695,45,hasa_rf_04,2.8515,2026-04-17 11:41:23.518779,5,11,8805,spoiled,rf
3696,45,hasa_rf_04,2.776,2026-04-17 11:41:33.042367,5,11,8805,spoiled,rf
3697,45,hasa_rf_04,2.738,2026-04-17 11:41:42.582606,5,11,8806,spoiled,rf
3824,45,hasa_rf_04,1.694,2026-04-17 16:59:30.583108,5,16,9123,spoiled,rf
3825,45,hasa_rf_04,1.506,2026-04-17 16:59:40.173873,5,16,9124,spoiled,rf
3826,45,hasa_rf_04,1.6355,2026-04-17 16:59:48.196752,5,16,9124,spoiled,rf
3827,45,hasa_rf_04,1.438,2026-04-17 16:59:56.803008,5,16,9124,spoiled,rf
3828,45,hasa_rf_04,1.41,2026-04-17 17:00:05.710403,5,17,9124,spoiled,rf
3829,45,hasa_rf_04,1.2915,2026-04-17 17:00:15.251184,5,17,9124,spoiled,rf
3830,45,hasa_rf_04,1.4705,2026-04-17 17:00:24.642113,5,17,9124,spoiled,rf
3831,45,hasa_rf_04,1.4385,2026-04-17 17:00:34.500246,5,17,9125,spoiled,rf
3832,45,hasa_rf_04,1.326,2026-04-17 17:00:42.539947,5,17,9125,spoiled,rf
3833,45,hasa_rf_04,1.4125,2026-04-17 17:00:54.299551,5,17,9125,spoiled,rf
3102,44,hasa_rf_03,2.878,2026-04-15 10:41:30.667203,3,10,5868,spoiled,rf
3103,44,hasa_rf_03,2.87,2026-04-15 10:41:42.476498,3,10,5868,spoiled,rf
3104,44,hasa_rf_03,2.881,2026-04-15 10:41:52.184096,3,10,5869,spoiled,rf
3105,44,hasa_rf_03,2.9335,2026-04-15 10:42:02.259475,3,10,5869,spoiled,rf
3106,44,hasa_rf_03,2.869,2026-04-15 10:42:11.349648,3,10,5869,spoiled,rf
3107,44,hasa_rf_03,2.867,2026-04-15 10:42:22.541949,3,10,5869,spoiled,rf
3108,44,hasa_rf_03,2.904,2026-04-15 10:42:34.734994,3,10,5869,spoiled,rf
3109,44,hasa_rf_03,2.917,2026-04-15 10:42:43.293142,3,10,5869,spoiled,rf
3110,44,hasa_rf_03,2.921,2026-04-15 10:42:59.104336,3,10,5870,spoiled,rf
3182,44,hasa_rf_03,3.2535,2026-04-15 16:29:15.314033,3,16,6216,spoiled,rf
3183,44,hasa_rf_03,3.178,2026-04-15 16:29:25.105106,3,16,6216,spoiled,rf
3184,44,hasa_rf_03,3.1955,2026-04-15 16:29:34.795937,3,16,6216,spoiled,rf
3185,44,hasa_rf_03,3.171,2026-04-15 16:29:43.336149,3,16,6216,spoiled,rf
3186,44,hasa_rf_03,3.15,2026-04-15 16:29:53.094514,3,16,6217,spoiled,rf
3251,44,hasa_rf_03,3.3785,2026-04-15 21:32:18.272849,3,21,6519,spoiled,rf
3252,44,hasa_rf_03,3.407,2026-04-15 21:32:25.444440,3,21,6519,spoiled,rf
3253,44,hasa_rf_03,3.405,2026-04-15 21:32:34.818667,3,21,6519,spoiled,rf
3254,44,hasa_rf_03,3.397,2026-04-15 21:32:44.059980,3,21,6519,spoiled,rf
3255,44,hasa_rf_03,3.394,2026-04-15 21:32:52.916452,3,21,6520,spoiled,rf
3429,44,hasa_rf_03,3.1735,2026-04-16 08:58:03.731487,4,8,7205,spoiled,rf
3430,44,hasa_rf_03,2.8215000000000003,2026-04-16 08:58:15.641123,4,8,7205,spoiled,rf
3431,44,hasa_rf_03,2.5,2026-04-16 08:58:26.015809,4,8,7205,spoiled,rf
3432,44,hasa_rf_03,2.535,2026-04-16 08:58:34.939860,4,8,7205,spoiled,rf
3433,44,hasa_rf_03,2.722,2026-04-16 08:58:43.680503,4,8,7205,spoiled,rf
3434,44,hasa_rf_03,2.563,2026-04-16 08:58:53.003787,4,8,7206,spoiled,rf
3489,44,hasa_rf_03,3.301,2026-04-16 14:20:24.943906,4,14,7527,spoiled,rf
3490,44,hasa_rf_03,3.3600000000000003,2026-04-16 14:20:40.035028,4,14,7527,spoiled,rf
3491,44,hasa_rf_03,3.3455000000000004,2026-04-16 14:20:54.247208,4,14,7528,spoiled,rf
3492,44,hasa_rf_03,3.342,2026-04-16 14:21:08.891547,4,14,7528,spoiled,rf
3493,44,hasa_rf_03,3.3275,2026-04-16 14:21:22.769383,4,14,7528,spoiled,rf
3549,44,hasa_rf_03,3.3855,2026-04-16 19:23:31.341320,4,19,7830,spoiled,rf
3550,44,hasa_rf_03,3.336,2026-04-16 19:23:39.782136,4,19,7830,spoiled,rf
3551,44,hasa_rf_03,3.335,2026-04-16 19:23:49.222753,4,19,7831,spoiled,rf
3552,44,hasa_rf_03,3.3225,2026-04-16 19:23:57.846673,4,19,7831,spoiled,rf
3553,44,hasa_rf_03,3.32,2026-04-16 19:24:06.502845,4,19,7831,spoiled,rf
3554,44,hasa_rf_03,3.322,2026-04-16 19:24:16.494530,4,19,7831,spoiled,rf
3684,44,hasa_rf_03,2.7285,2026-04-17 11:39:08.226832,5,11,8806,spoiled,rf
3685,44,hasa_rf_03,2.6295,2026-04-17 11:39:16.633441,5,11,8806,spoiled,rf
3686,44,hasa_rf_03,2.538,2026-04-17 11:39:25.957181,5,11,8806,spoiled,rf
3687,44,hasa_rf_03,2.5815,2026-04-17 11:39:34.713860,5,11,8806,spoiled,rf
3688,44,hasa_rf_03,2.5635,2026-04-17 11:39:43.687817,5,11,8806,spoiled,rf
3689,44,hasa_rf_03,2.5685,2026-04-17 11:39:52.745900,5,11,8807,spoiled,rf
3690,44,hasa_rf_03,2.5065,2026-04-17 11:40:05.371985,5,11,8807,spoiled,rf
3816,44,hasa_rf_03,1.833,2026-04-17 16:57:25.099407,5,16,9124,spoiled,rf
3817,44,hasa_rf_03,1.7005,2026-04-17 16:57:34.190700,5,16,9124,spoiled,rf
3818,44,hasa_rf_03,1.395,2026-04-17 16:57:44.031130,5,16,9124,spoiled,rf
3819,44,hasa_rf_03,1.3515,2026-04-17 16:57:52.570747,5,16,9125,spoiled,rf
3820,44,hasa_rf_03,1.68,2026-04-17 16:58:01.944685,5,16,9125,spoiled,rf
3821,44,hasa_rf_03,1.636,2026-04-17 16:58:10.618306,5,16,9125,spoiled,rf
3822,44,hasa_rf_03,1.5775,2026-04-17 16:58:20.175313,5,16,9125,spoiled,rf
3095,43,hasa_rf_02,3.224,2026-04-15 10:39:48.051183,3,10,5868,spoiled,rf
3096,43,hasa_rf_02,3.258,2026-04-15 10:39:58.623460,3,10,5869,spoiled,rf
3097,43,hasa_rf_02,3.292,2026-04-15 10:40:07.234062,3,10,5869,spoiled,rf
3098,43,hasa_rf_02,3.301,2026-04-15 10:40:16.029007,3,10,5869,spoiled,rf
3099,43,hasa_rf_02,3.116,2026-04-15 10:40:25.414979,3,10,5869,spoiled,rf
3100,43,hasa_rf_02,2.988,2026-04-15 10:40:34.138497,3,10,5869,spoiled,rf
3101,43,hasa_rf_02,3.125,2026-04-15 10:40:45.098034,3,10,5869,spoiled,rf
3176,43,hasa_rf_02,3.249,2026-04-15 16:26:48.329547,3,16,6215,spoiled,rf
3177,43,hasa_rf_02,3.1685,2026-04-15 16:26:57.437051,3,16,6216,spoiled,rf
3178,43,hasa_rf_02,3.2235,2026-04-15 16:27:09.346572,3,16,6216,spoiled,rf
3179,43,hasa_rf_02,3.184,2026-04-15 16:27:20.538641,3,16,6216,spoiled,rf
3180,43,hasa_rf_02,3.1645000000000003,2026-04-15 16:27:28.796326,3,16,6216,spoiled,rf
3244,43,hasa_rf_02,3.5505,2026-04-15 21:30:44.513826,3,21,6519,spoiled,rf
3245,43,hasa_rf_02,3.497,2026-04-15 21:30:52.770682,3,21,6519,spoiled,rf
3246,43,hasa_rf_02,3.532,2026-04-15 21:31:01.777538,3,21,6520,spoiled,rf
3247,43,hasa_rf_02,3.4735,2026-04-15 21:31:10.051347,3,21,6520,spoiled,rf
3248,43,hasa_rf_02,3.4895,2026-04-15 21:31:19.041429,3,21,6520,spoiled,rf
3249,43,hasa_rf_02,3.487,2026-04-15 21:31:28.415790,3,21,6520,spoiled,rf
3250,43,hasa_rf_02,3.4855,2026-04-15 21:31:39.723487,3,21,6520,spoiled,rf
3421,43,hasa_rf_02,3.2785,2026-04-16 08:56:21.850317,4,8,7205,spoiled,rf
3422,43,hasa_rf_02,3.18,2026-04-16 08:56:31.274047,4,8,7205,spoiled,rf
3423,43,hasa_rf_02,3.1605,2026-04-16 08:56:40.031358,4,8,7205,spoiled,rf
3424,43,hasa_rf_02,3.039,2026-04-16 08:56:49.422244,4,8,7205,spoiled,rf
3425,43,hasa_rf_02,3.104,2026-04-16 08:56:58.578410,4,8,7206,spoiled,rf
3426,43,hasa_rf_02,3.1715,2026-04-16 08:57:08.603173,4,8,7206,spoiled,rf
3428,43,hasa_rf_02,3.126,2026-04-16 08:57:28.553500,4,8,7206,spoiled,rf
3482,43,hasa_rf_02,3.189,2026-04-16 14:17:35.821251,4,14,7526,spoiled,rf
3483,43,hasa_rf_02,3.1905,2026-04-16 14:17:50.700036,4,14,7526,spoiled,rf
3484,43,hasa_rf_02,3.2015,2026-04-16 14:18:16.320542,4,14,7527,spoiled,rf
3485,43,hasa_rf_02,3.2335000000000003,2026-04-16 14:18:35.535370,4,14,7527,spoiled,rf
3486,43,hasa_rf_02,3.2115,2026-04-16 14:18:53.533585,4,14,7528,spoiled,rf
3487,43,hasa_rf_02,3.2785,2026-04-16 14:19:09.779752,4,14,7528,spoiled,rf
3488,43,hasa_rf_02,3.2725,2026-04-16 14:19:25.725768,4,14,7528,spoiled,rf
3543,43,hasa_rf_02,3.405,2026-04-16 19:22:15.230613,4,19,7831,spoiled,rf
3544,43,hasa_rf_02,3.393,2026-04-16 19:22:26.189489,4,19,7831,spoiled,rf
3545,43,hasa_rf_02,3.473,2026-04-16 19:22:34.862399,4,19,7831,spoiled,rf
3546,43,hasa_rf_02,3.473,2026-04-16 19:22:44.720750,4,19,7831,spoiled,rf
3547,43,hasa_rf_02,3.484,2026-04-16 19:22:52.995167,4,19,7832,spoiled,rf
3548,43,hasa_rf_02,3.459,2026-04-16 19:23:02.851840,4,19,7832,spoiled,rf
3678,43,hasa_rf_02,2.6725000000000003,2026-04-17 11:37:47.878519,5,11,8806,spoiled,rf
3679,43,hasa_rf_02,2.8535000000000004,2026-04-17 11:37:55.985558,5,11,8807,spoiled,rf
3680,43,hasa_rf_02,2.856,2026-04-17 11:38:04.791829,5,11,8807,spoiled,rf
3681,43,hasa_rf_02,2.841,2026-04-17 11:38:13.666079,5,11,8807,spoiled,rf
3682,43,hasa_rf_02,2.8505000000000003,2026-04-17 11:38:22.339434,5,11,8807,spoiled,rf
3683,43,hasa_rf_02,2.881,2026-04-17 11:38:32.864544,5,11,8807,spoiled,rf
3810,43,hasa_rf_02,1.8055,2026-04-17 16:55:44.718998,5,16,9124,spoiled,rf
3811,43,hasa_rf_02,1.673,2026-04-17 16:55:53.575749,5,16,9125,spoiled,rf
3812,43,hasa_rf_02,1.888,2026-04-17 16:56:02.216295,5,16,9125,spoiled,rf
3813,43,hasa_rf_02,1.81,2026-04-17 16:56:10.606898,5,16,9125,spoiled,rf
3814,43,hasa_rf_02,1.944,2026-04-17 16:56:19.596782,5,16,9125,spoiled,rf
3815,43,hasa_rf_02,1.8045,2026-04-17 16:56:28.787211,5,16,9125,spoiled,rf
3087,42,hasa_rf_01,3.2925,2026-04-15 10:34:28.429546,3,10,5866,spoiled,rf
3088,42,hasa_rf_01,3.3040000000000003,2026-04-15 10:34:45.360104,3,10,5867,spoiled,rf
3089,42,hasa_rf_01,3.335,2026-04-15 10:34:58.887274,3,10,5867,spoiled,rf
3090,42,hasa_rf_01,3.2745,2026-04-15 10:35:07.094597,3,10,5867,spoiled,rf
3091,42,hasa_rf_01,3.31,2026-04-15 10:35:21.321847,3,10,5867,spoiled,rf
3092,42,hasa_rf_01,3.1740000000000004,2026-04-15 10:35:32.497691,3,10,5867,spoiled,rf
3093,42,hasa_rf_01,3.315,2026-04-15 10:35:53.097435,3,10,5868,spoiled,rf
3169,42,hasa_rf_01,3.2375,2026-04-15 16:24:50.418211,3,16,6217,spoiled,rf
3170,42,hasa_rf_01,3.2715,2026-04-15 16:25:01.561734,3,16,6217,spoiled,rf
3171,42,hasa_rf_01,3.255,2026-04-15 16:25:11.152339,3,16,6217,spoiled,rf
3172,42,hasa_rf_01,3.2365000000000004,2026-04-15 16:25:20.926962,3,16,6217,spoiled,rf
3173,42,hasa_rf_01,3.228,2026-04-15 16:25:33.487395,3,16,6217,spoiled,rf
3174,42,hasa_rf_01,3.231,2026-04-15 16:25:44.980806,3,16,6218,spoiled,rf
3175,42,hasa_rf_01,3.2095,2026-04-15 16:25:53.168886,3,16,6218,spoiled,rf
3237,42,hasa_rf_01,3.6005000000000003,2026-04-15 21:28:13.676688,3,21,6520,spoiled,rf
3238,42,hasa_rf_01,3.596,2026-04-15 21:28:25.543376,3,21,6520,spoiled,rf
3239,42,hasa_rf_01,3.572,2026-04-15 21:28:39.730912,3,21,6520,spoiled,rf
3240,42,hasa_rf_01,3.5575,2026-04-15 21:28:54.260618,3,21,6521,spoiled,rf
3241,42,hasa_rf_01,3.5335,2026-04-15 21:29:04.350186,3,21,6521,spoiled,rf
3242,42,hasa_rf_01,3.5785,2026-04-15 21:29:13.390821,3,21,6521,spoiled,rf
3243,42,hasa_rf_01,3.5885,2026-04-15 21:29:24.766785,3,21,6521,spoiled,rf
3415,42,hasa_rf_01,3.1835,2026-04-16 08:54:25.841071,4,8,7206,spoiled,rf
3416,42,hasa_rf_01,3.0700000000000003,2026-04-16 08:54:38.567178,4,8,7206,spoiled,rf
3417,42,hasa_rf_01,3.037,2026-04-16 08:54:50.527519,4,8,7207,spoiled,rf
3418,42,hasa_rf_01,3.037,2026-04-16 08:55:02.419814,4,8,7207,spoiled,rf
3419,42,hasa_rf_01,2.798,2026-04-16 08:55:13.664347,4,8,7207,spoiled,rf
3420,42,hasa_rf_01,3.0605,2026-04-16 08:55:38.231743,4,8,7207,spoiled,rf
3477,42,hasa_rf_01,3.2935,2026-04-16 14:15:08.836995,4,14,7527,spoiled,rf
3478,42,hasa_rf_01,3.224,2026-04-16 14:15:24.916801,4,14,7527,spoiled,rf
3479,42,hasa_rf_01,2.9805,2026-04-16 14:15:40.879389,4,14,7527,spoiled,rf
3480,42,hasa_rf_01,2.9610000000000003,2026-04-16 14:16:02.980850,4,14,7528,spoiled,rf
3481,42,hasa_rf_01,3.046,2026-04-16 14:16:18.376098,4,14,7528,spoiled,rf
3538,42,hasa_rf_01,3.618,2026-04-16 19:20:46.010934,4,19,7833,spoiled,rf
3539,42,hasa_rf_01,3.605,2026-04-16 19:21:04.307719,4,19,7833,spoiled,rf
3540,42,hasa_rf_01,3.3725,2026-04-16 19:21:14.932456,4,19,7833,spoiled,rf
3541,42,hasa_rf_01,3.4055,2026-04-16 19:21:24.590790,4,19,7833,spoiled,rf
3671,42,hasa_rf_01,2.725,2026-04-17 11:35:53.353638,5,11,8808,spoiled,rf
3672,42,hasa_rf_01,2.75,2026-04-17 11:36:02.944737,5,11,8808,spoiled,rf
3673,42,hasa_rf_01,2.775,2026-04-17 11:36:13.069371,5,11,8808,spoiled,rf
3674,42,hasa_rf_01,2.7715,2026-04-17 11:36:23.794990,5,11,8808,spoiled,rf
3675,42,hasa_rf_01,2.748,2026-04-17 11:36:32.268469,5,11,8808,spoiled,rf
3676,42,hasa_rf_01,2.7555,2026-04-17 11:36:41.476250,5,11,8808,spoiled,rf
3677,42,hasa_rf_01,2.7615,2026-04-17 11:36:54.185931,5,11,8809,spoiled,rf
3804,42,hasa_rf_01,1.875,2026-04-17 16:54:09.810394,5,16,9126,spoiled,rf
3805,42,hasa_rf_01,1.881,2026-04-17 16:54:20.384560,5,16,9126,spoiled,rf
3806,42,hasa_rf_01,1.823,2026-04-17 16:54:28.874257,5,16,9126,spoiled,rf
3807,42,hasa_rf_01,1.8015,2026-04-17 16:54:37.799010,5,16,9126,spoiled,rf
3808,42,hasa_rf_01,1.702,2026-04-17 16:54:46.389063,5,16,9127,spoiled,rf
3809,42,hasa_rf_01,1.632,2026-04-17 16:54:55.462755,5,16,9127,spoiled,rf
3079,30,tamarong_rf_05,2.8585000000000003,2026-04-15 10:30:40.030359,3,10,7292,spoiled,rf
3080,30,tamarong_rf_05,3.2655,2026-04-15 10:31:15.877248,3,10,7292,spoiled,rf
3081,30,tamarong_rf_05,3.1725000000000003,2026-04-15 10:31:26.934204,3,10,7292,spoiled,rf
3082,30,tamarong_rf_05,3.133,2026-04-15 10:31:37.009078,3,10,7293,spoiled,rf
3083,30,tamarong_rf_05,3.112,2026-04-15 10:31:48.150918,3,10,7293,spoiled,rf
3084,30,tamarong_rf_05,3.1105,2026-04-15 10:32:03.797212,3,10,7293,spoiled,rf
3085,30,tamarong_rf_05,3.0525,2026-04-15 10:32:16.941079,3,10,7293,spoiled,rf
3086,30,tamarong_rf_05,2.981,2026-04-15 10:32:27.649371,3,10,7293,spoiled,rf
3163,30,tamarong_rf_05,2.683,2026-04-15 16:22:40.982115,3,16,7644,spoiled,rf
3164,30,tamarong_rf_05,2.7055,2026-04-15 16:22:51.057767,3,16,7644,spoiled,rf
3165,30,tamarong_rf_05,2.644,2026-04-15 16:23:00.397470,3,16,7644,spoiled,rf
3166,30,tamarong_rf_05,2.6965000000000003,2026-04-15 16:23:09.237771,3,16,7644,spoiled,rf
3167,30,tamarong_rf_05,2.6775,2026-04-15 16:23:28.137159,3,16,7644,spoiled,rf
3168,30,tamarong_rf_05,2.7605,2026-04-15 16:23:39.812321,3,16,7645,spoiled,rf
3231,30,tamarong_rf_05,3.2075,2026-04-15 21:24:55.018199,3,21,7946,spoiled,rf
3232,30,tamarong_rf_05,3.359,2026-04-15 21:25:07.094319,3,21,7946,spoiled,rf
3233,30,tamarong_rf_05,3.373,2026-04-15 21:25:18.053157,3,21,7946,spoiled,rf
3234,30,tamarong_rf_05,3.2165,2026-04-15 21:25:28.661763,3,21,7946,spoiled,rf
3235,30,tamarong_rf_05,3.266,2026-04-15 21:25:37.768795,3,21,7947,spoiled,rf
3236,30,tamarong_rf_05,3.185,2026-04-15 21:26:11.296120,3,21,7947,spoiled,rf
3407,30,tamarong_rf_05,2.7935,2026-04-16 08:51:09.184196,4,8,8632,spoiled,rf
3408,30,tamarong_rf_05,2.6135,2026-04-16 08:51:19.758805,4,8,8632,spoiled,rf
3409,30,tamarong_rf_05,2.42,2026-04-16 08:51:30.017210,4,8,8632,spoiled,rf
3410,30,tamarong_rf_05,2.461,2026-04-16 08:51:39.324646,4,8,8633,spoiled,rf
3411,30,tamarong_rf_05,2.479,2026-04-16 08:51:51.651320,4,8,8633,spoiled,rf
3412,30,tamarong_rf_05,2.469,2026-04-16 08:52:01.091642,4,8,8633,spoiled,rf
3471,30,tamarong_rf_05,2.7645,2026-04-16 14:11:11.831187,4,14,8952,spoiled,rf
3472,30,tamarong_rf_05,2.6685,2026-04-16 14:11:30.230123,4,14,8952,spoiled,rf
3473,30,tamarong_rf_05,2.721,2026-04-16 14:11:48.160264,4,14,8953,spoiled,rf
3474,30,tamarong_rf_05,2.642,2026-04-16 14:12:06.508355,4,14,8953,spoiled,rf
3475,30,tamarong_rf_05,2.654,2026-04-16 14:12:22.687726,4,14,8953,spoiled,rf
3532,30,tamarong_rf_05,3.5465,2026-04-16 19:17:40.678157,4,19,9259,spoiled,rf
3533,30,tamarong_rf_05,3.161,2026-04-16 19:17:50.252487,4,19,9259,spoiled,rf
3534,30,tamarong_rf_05,3.208,2026-04-16 19:17:58.909883,4,19,9259,spoiled,rf
3535,30,tamarong_rf_05,3.186,2026-04-16 19:18:08.183411,4,19,9259,spoiled,rf
3536,30,tamarong_rf_05,3.204,2026-04-16 19:18:17.174402,4,19,9259,spoiled,rf
3537,30,tamarong_rf_05,3.166,2026-04-16 19:18:26.548209,4,19,9259,spoiled,rf
3665,30,tamarong_rf_05,2.5485,2026-04-17 11:34:09.937760,5,11,10235,spoiled,rf
3666,30,tamarong_rf_05,2.444,2026-04-17 11:34:19.112231,5,11,10235,spoiled,rf
3667,30,tamarong_rf_05,2.42,2026-04-17 11:34:27.401729,5,11,10235,spoiled,rf
3668,30,tamarong_rf_05,2.446,2026-04-17 11:34:36.759157,5,11,10236,spoiled,rf
3669,30,tamarong_rf_05,2.391,2026-04-17 11:34:45.549816,5,11,10236,spoiled,rf
3670,30,tamarong_rf_05,2.461,2026-04-17 11:34:55.540991,5,11,10236,spoiled,rf
3799,30,tamarong_rf_05,1.668,2026-04-17 16:51:58.121075,5,16,10553,spoiled,rf
3800,30,tamarong_rf_05,1.819,2026-04-17 16:52:10.910287,5,16,10553,spoiled,rf
3801,30,tamarong_rf_05,1.689,2026-04-17 16:52:27.978551,5,16,10553,spoiled,rf
3802,30,tamarong_rf_05,1.842,2026-04-17 16:52:37.302604,5,16,10554,spoiled,rf
3803,30,tamarong_rf_05,1.568,2026-04-17 16:53:04.090200,5,16,10554,spoiled,rf
3070,29,tamarong_rf_04,2.988,2026-04-15 10:26:10.698368,3,10,7291,spoiled,rf
3071,29,tamarong_rf_04,3.0445,2026-04-15 10:26:21.340518,3,10,7291,spoiled,rf
3072,29,tamarong_rf_04,3.031,2026-04-15 10:26:33.000222,3,10,7291,spoiled,rf
3073,29,tamarong_rf_04,3.0415,2026-04-15 10:26:44.709175,3,10,7291,spoiled,rf
3074,29,tamarong_rf_04,3.0505,2026-04-15 10:26:59.103814,3,10,7292,spoiled,rf
3075,29,tamarong_rf_04,2.9615,2026-04-15 10:27:15.967724,3,10,7292,spoiled,rf
3076,29,tamarong_rf_04,2.9,2026-04-15 10:27:25.057588,3,10,7292,spoiled,rf
3077,29,tamarong_rf_04,2.9945,2026-04-15 10:27:38.551729,3,10,7292,spoiled,rf
3158,29,tamarong_rf_04,2.768,2026-04-15 16:21:28.824289,3,16,7646,spoiled,rf
3160,29,tamarong_rf_04,2.718,2026-04-15 16:21:53.528157,3,16,7646,spoiled,rf
3161,29,tamarong_rf_04,2.674,2026-04-15 16:22:02.217856,3,16,7647,spoiled,rf
3162,29,tamarong_rf_04,2.705,2026-04-15 16:22:12.276289,3,16,7647,spoiled,rf
3223,29,tamarong_rf_04,3.176,2026-04-15 21:20:07.121374,3,21,7945,spoiled,rf
3224,29,tamarong_rf_04,2.921,2026-04-15 21:20:17.963234,3,21,7945,spoiled,rf
3225,29,tamarong_rf_04,2.9285,2026-04-15 21:20:29.689271,3,21,7945,spoiled,rf
3226,29,tamarong_rf_04,2.892,2026-04-15 21:20:37.529387,3,21,7945,spoiled,rf
3227,29,tamarong_rf_04,2.9075,2026-04-15 21:20:49.355437,3,21,7945,spoiled,rf
3228,29,tamarong_rf_04,2.9035,2026-04-15 21:21:27.069491,3,21,7946,spoiled,rf
3400,29,tamarong_rf_04,2.816,2026-04-16 08:49:36.493036,4,8,8634,spoiled,rf
3401,29,tamarong_rf_04,2.6435,2026-04-16 08:49:47.435496,4,8,8634,spoiled,rf
3402,29,tamarong_rf_04,2.673,2026-04-16 08:50:05.716064,4,8,8635,spoiled,rf
3403,29,tamarong_rf_04,2.5765,2026-04-16 08:50:15.241224,4,8,8635,spoiled,rf
3404,29,tamarong_rf_04,2.806,2026-04-16 08:50:25.114929,4,8,8635,spoiled,rf
3405,29,tamarong_rf_04,2.193,2026-04-16 08:50:35.856792,4,8,8635,spoiled,rf
3406,29,tamarong_rf_04,2.2695,2026-04-16 08:50:46.698977,4,8,8635,spoiled,rf
3466,29,tamarong_rf_04,3.2995,2026-04-16 14:08:57.257845,4,14,8953,spoiled,rf
3467,29,tamarong_rf_04,2.9335,2026-04-16 14:09:16.823388,4,14,8954,spoiled,rf
3468,29,tamarong_rf_04,3.0095,2026-04-16 14:09:34.086606,4,14,8954,spoiled,rf
3469,29,tamarong_rf_04,2.8680000000000003,2026-04-16 14:09:49.949102,4,14,8954,spoiled,rf
3470,29,tamarong_rf_04,2.7435,2026-04-16 14:10:07.897513,4,14,8955,spoiled,rf
3525,29,tamarong_rf_04,3.2595,2026-04-16 19:15:30.123990,4,19,9260,spoiled,rf
3526,29,tamarong_rf_04,3.231,2026-04-16 19:15:39.681124,4,19,9260,spoiled,rf
3527,29,tamarong_rf_04,2.9625,2026-04-16 19:15:58.498246,4,19,9261,spoiled,rf
3528,29,tamarong_rf_04,2.87,2026-04-16 19:16:07.803965,4,19,9261,spoiled,rf
3529,29,tamarong_rf_04,3.0035,2026-04-16 19:16:18.495948,4,19,9261,spoiled,rf
3530,29,tamarong_rf_04,2.688,2026-04-16 19:16:26.919317,4,19,9261,spoiled,rf
3659,29,tamarong_rf_04,2.5085,2026-04-17 11:32:41.350191,5,11,10237,spoiled,rf
3660,29,tamarong_rf_04,2.3465,2026-04-17 11:32:50.274446,5,11,10237,spoiled,rf
3661,29,tamarong_rf_04,2.3505000000000003,2026-04-17 11:33:01.566857,5,11,10238,spoiled,rf
3662,29,tamarong_rf_04,2.362,2026-04-17 11:33:10.523721,5,11,10238,spoiled,rf
3663,29,tamarong_rf_04,2.3375,2026-04-17 11:33:19.831857,5,11,10238,spoiled,rf
3664,29,tamarong_rf_04,2.2830000000000004,2026-04-17 11:33:29.105216,5,11,10238,spoiled,rf
3793,29,tamarong_rf_04,1.705,2026-04-17 16:50:22.794866,5,16,10555,spoiled,rf
3794,29,tamarong_rf_04,1.4085,2026-04-17 16:50:31.851871,5,16,10555,spoiled,rf
3795,29,tamarong_rf_04,1.4380000000000002,2026-04-17 16:50:40.809980,5,16,10555,spoiled,rf
3796,29,tamarong_rf_04,1.455,2026-04-17 16:50:49.782881,5,16,10555,spoiled,rf
3797,29,tamarong_rf_04,1.4875,2026-04-17 16:50:59.323907,5,16,10556,spoiled,rf
3798,29,tamarong_rf_04,1.4345,2026-04-17 16:51:09.382264,5,16,10556,spoiled,rf
3062,28,tamarong_rf_03,3.164,2026-04-15 10:22:53.426828,3,10,7291,spoiled,rf
3063,28,tamarong_rf_03,3.025,2026-04-15 10:23:13.390782,3,10,7292,spoiled,rf
3064,28,tamarong_rf_03,2.996,2026-04-15 10:23:25.015975,3,10,7292,spoiled,rf
3065,28,tamarong_rf_03,2.987,2026-04-15 10:23:36.041326,3,10,7292,spoiled,rf
3066,28,tamarong_rf_03,2.974,2026-04-15 10:23:46.917773,3,10,7292,spoiled,rf
3067,28,tamarong_rf_03,2.935,2026-04-15 10:24:00.678497,3,10,7292,spoiled,rf
3068,28,tamarong_rf_03,2.942,2026-04-15 10:24:11.420196,3,10,7293,spoiled,rf
3069,28,tamarong_rf_03,2.9945000000000004,2026-04-15 10:24:28.549876,3,10,7293,spoiled,rf
3153,28,tamarong_rf_03,2.7475,2026-04-15 16:19:56.867983,3,16,7648,spoiled,rf
3154,28,tamarong_rf_03,2.769,2026-04-15 16:20:08.327037,3,16,7649,spoiled,rf
3155,28,tamarong_rf_03,2.758,2026-04-15 16:20:18.551796,3,16,7649,spoiled,rf
3156,28,tamarong_rf_03,2.783,2026-04-15 16:20:27.591837,3,16,7649,spoiled,rf
3157,28,tamarong_rf_03,2.7535,2026-04-15 16:20:38.550863,3,16,7649,spoiled,rf
3159,28,tamarong_rf_03,2.8015,2026-04-15 16:21:42.185244,3,16,7650,spoiled,rf
3215,28,tamarong_rf_03,3.1,2026-04-15 21:17:59.938878,3,21,7946,spoiled,rf
3216,28,tamarong_rf_03,3.3015,2026-04-15 21:18:13.430804,3,21,7947,spoiled,rf
3217,28,tamarong_rf_03,3.175,2026-04-15 21:18:29.543324,3,21,7947,spoiled,rf
3218,28,tamarong_rf_03,3.0540000000000003,2026-04-15 21:18:40.719093,3,21,7947,spoiled,rf
3219,28,tamarong_rf_03,3.0,2026-04-15 21:18:49.976798,3,21,7947,spoiled,rf
3220,28,tamarong_rf_03,3.004,2026-04-15 21:18:58.534070,3,21,7947,spoiled,rf
3221,28,tamarong_rf_03,3.014,2026-04-15 21:19:08.090851,3,21,7948,spoiled,rf
3394,28,tamarong_rf_03,2.7190000000000003,2026-04-16 08:48:06.037325,4,8,8636,spoiled,rf
3395,28,tamarong_rf_03,2.741,2026-04-16 08:48:15.578348,4,8,8637,spoiled,rf
3396,28,tamarong_rf_03,2.804,2026-04-16 08:48:24.402251,4,8,8637,spoiled,rf
3397,28,tamarong_rf_03,2.7875,2026-04-16 08:48:32.792405,4,8,8637,spoiled,rf
3398,28,tamarong_rf_03,2.711,2026-04-16 08:48:43.250572,4,8,8637,spoiled,rf
3399,28,tamarong_rf_03,2.587,2026-04-16 08:48:51.640557,4,8,8637,spoiled,rf
3461,28,tamarong_rf_03,2.9585,2026-04-16 14:06:53.057680,4,14,8955,spoiled,rf
3462,28,tamarong_rf_03,2.941,2026-04-16 14:07:08.387109,4,14,8956,spoiled,rf
3463,28,tamarong_rf_03,2.9155,2026-04-16 14:07:25.466980,4,14,8956,spoiled,rf
3464,28,tamarong_rf_03,2.9365,2026-04-16 14:07:42.714475,4,14,8956,spoiled,rf
3465,28,tamarong_rf_03,2.871,2026-04-16 14:08:05.832532,4,14,8956,spoiled,rf
3519,28,tamarong_rf_03,3.589,2026-04-16 19:14:04.705972,4,19,9262,spoiled,rf
3520,28,tamarong_rf_03,3.63,2026-04-16 19:14:14.630717,4,19,9263,spoiled,rf
3521,28,tamarong_rf_03,3.51,2026-04-16 19:14:24.505062,4,19,9263,spoiled,rf
3522,28,tamarong_rf_03,3.44,2026-04-16 19:14:33.246259,4,19,9263,spoiled,rf
3523,28,tamarong_rf_03,3.4795,2026-04-16 19:14:44.420691,4,19,9263,spoiled,rf
3524,28,tamarong_rf_03,3.442,2026-04-16 19:14:54.178485,4,19,9263,spoiled,rf
3531,28,tamarong_rf_03,2.878,2026-04-16 19:16:46.601864,4,19,9265,spoiled,rf
3653,28,tamarong_rf_03,2.4515,2026-04-17 11:30:51.011482,5,11,10239,spoiled,rf
3654,28,tamarong_rf_03,2.471,2026-04-17 11:31:00.086359,5,11,10239,spoiled,rf
3655,28,tamarong_rf_03,2.4555,2026-04-17 11:31:09.177414,5,11,10240,spoiled,rf
3656,28,tamarong_rf_03,2.405,2026-04-17 11:31:17.950441,5,11,10240,spoiled,rf
3657,28,tamarong_rf_03,2.447,2026-04-17 11:31:34.413885,5,11,10240,spoiled,rf
3658,28,tamarong_rf_03,2.3645,2026-04-17 11:31:54.496560,5,11,10240,spoiled,rf
3788,28,tamarong_rf_03,1.5830000000000002,2026-04-17 16:49:05.850031,5,16,10557,spoiled,rf
3789,28,tamarong_rf_03,1.529,2026-04-17 16:49:14.857016,5,16,10558,spoiled,rf
3790,28,tamarong_rf_03,1.508,2026-04-17 16:49:23.514171,5,16,10558,spoiled,rf
3791,28,tamarong_rf_03,1.397,2026-04-17 16:49:32.036450,5,16,10558,spoiled,rf
3792,28,tamarong_rf_03,1.61,2026-04-17 16:49:40.762025,5,16,10558,spoiled,rf
3055,27,tamarong_rf_02,2.6505,2026-04-15 10:19:39.303262,3,10,7291,spoiled,rf
3056,27,tamarong_rf_02,2.7175,2026-04-15 10:19:55.515977,3,10,7291,spoiled,rf
3057,27,tamarong_rf_02,2.763,2026-04-15 10:20:05.590915,3,10,7291,spoiled,rf
3058,27,tamarong_rf_02,2.753,2026-04-15 10:20:19.551757,3,10,7291,spoiled,rf
3059,27,tamarong_rf_02,2.748,2026-04-15 10:20:41.486598,3,10,7292,spoiled,rf
3060,27,tamarong_rf_02,2.7965,2026-04-15 10:21:09.507990,3,10,7292,spoiled,rf
3061,27,tamarong_rf_02,2.7645,2026-04-15 10:21:31.525627,3,10,7292,spoiled,rf
3147,27,tamarong_rf_02,2.6225,2026-04-15 16:17:06.966018,3,16,7648,spoiled,rf
3148,27,tamarong_rf_02,2.573,2026-04-15 16:17:21.359965,3,16,7648,spoiled,rf
3149,27,tamarong_rf_02,2.572,2026-04-15 16:17:33.786698,3,16,7648,spoiled,rf
3150,27,tamarong_rf_02,2.574,2026-04-15 16:17:44.945964,3,16,7649,spoiled,rf
3151,27,tamarong_rf_02,2.637,2026-04-15 16:18:03.044190,3,16,7649,spoiled,rf
3152,27,tamarong_rf_02,2.659,2026-04-15 16:18:12.400011,3,16,7649,spoiled,rf
3209,27,tamarong_rf_02,3.052,2026-04-15 21:12:39.530579,3,21,7944,spoiled,rf
3210,27,tamarong_rf_02,2.899,2026-04-15 21:12:51.757013,3,21,7944,spoiled,rf
3211,27,tamarong_rf_02,2.8855,2026-04-15 21:13:01.547095,3,21,7944,spoiled,rf
3212,27,tamarong_rf_02,2.886,2026-04-15 21:13:11.072698,3,21,7944,spoiled,rf
3213,27,tamarong_rf_02,2.712,2026-04-15 21:13:19.963265,3,21,7944,spoiled,rf
3214,27,tamarong_rf_02,2.669,2026-04-15 21:13:30.337998,3,21,7944,spoiled,rf
3388,27,tamarong_rf_02,2.928,2026-04-16 08:46:15.382796,4,8,8637,spoiled,rf
3389,27,tamarong_rf_02,2.93,2026-04-16 08:46:25.073751,4,8,8637,spoiled,rf
3390,27,tamarong_rf_02,2.938,2026-04-16 08:46:34.047535,4,8,8637,spoiled,rf
3391,27,tamarong_rf_02,2.959,2026-04-16 08:46:43.521527,4,8,8638,spoiled,rf
3392,27,tamarong_rf_02,2.865,2026-04-16 08:46:54.630528,4,8,8638,spoiled,rf
3454,27,tamarong_rf_02,2.9895,2026-04-16 14:03:25.743352,4,14,8954,spoiled,rf
3456,27,tamarong_rf_02,2.915,2026-04-16 14:04:06.842082,4,14,8955,spoiled,rf
3457,27,tamarong_rf_02,2.835,2026-04-16 14:04:23.755537,4,14,8955,spoiled,rf
3458,27,tamarong_rf_02,2.807,2026-04-16 14:04:41.236558,4,14,8956,spoiled,rf
3459,27,tamarong_rf_02,2.829,2026-04-16 14:04:56.865340,4,14,8956,spoiled,rf
3460,27,tamarong_rf_02,2.815,2026-04-16 14:05:12.594532,4,14,8956,spoiled,rf
3513,27,tamarong_rf_02,3.46,2026-04-16 19:12:31.148511,4,19,9263,spoiled,rf
3514,27,tamarong_rf_02,3.213,2026-04-16 19:12:51.898229,4,19,9264,spoiled,rf
3515,27,tamarong_rf_02,3.318,2026-04-16 19:13:00.504072,4,19,9264,spoiled,rf
3516,27,tamarong_rf_02,3.0675,2026-04-16 19:13:09.813411,4,19,9264,spoiled,rf
3517,27,tamarong_rf_02,2.8625,2026-04-16 19:13:18.469145,4,19,9264,spoiled,rf
3518,27,tamarong_rf_02,2.803,2026-04-16 19:13:28.693610,4,19,9264,spoiled,rf
3646,27,tamarong_rf_02,2.592,2026-04-17 11:29:11.732481,5,11,10240,spoiled,rf
3647,27,tamarong_rf_02,2.602,2026-04-17 11:29:20.991988,5,11,10240,spoiled,rf
3648,27,tamarong_rf_02,2.616,2026-04-17 11:29:29.831040,5,11,10240,spoiled,rf
3649,27,tamarong_rf_02,2.543,2026-04-17 11:29:38.705310,5,11,10240,spoiled,rf
3650,27,tamarong_rf_02,2.5485,2026-04-17 11:29:47.095352,5,11,10241,spoiled,rf
3651,27,tamarong_rf_02,2.522,2026-04-17 11:29:56.101953,5,11,10241,spoiled,rf
3652,27,tamarong_rf_02,2.537,2026-04-17 11:30:06.243173,5,11,10241,spoiled,rf
3783,27,tamarong_rf_02,1.6625,2026-04-17 16:47:43.852189,5,16,10559,spoiled,rf
3784,27,tamarong_rf_02,1.6675,2026-04-17 16:47:53.959904,5,16,10559,spoiled,rf
3785,27,tamarong_rf_02,1.5595,2026-04-17 16:48:03.350407,5,16,10559,spoiled,rf
3786,27,tamarong_rf_02,1.506,2026-04-17 16:48:13.441991,5,16,10559,spoiled,rf
3787,27,tamarong_rf_02,1.441,2026-04-17 16:48:22.615468,5,16,10559,spoiled,rf
3048,26,tamarong_rf_01,2.6185,2026-04-15 10:15:25.017892,3,10,7289,spoiled,rf
3049,26,tamarong_rf_01,2.649,2026-04-15 10:15:52.638045,3,10,7289,spoiled,rf
3050,26,tamarong_rf_01,2.609,2026-04-15 10:16:06.349817,3,10,7289,spoiled,rf
3051,26,tamarong_rf_01,2.666,2026-04-15 10:16:17.142483,3,10,7289,spoiled,rf
3052,26,tamarong_rf_01,2.647,2026-04-15 10:16:27.532875,3,10,7290,spoiled,rf
3053,26,tamarong_rf_01,2.67,2026-04-15 10:16:42.362146,3,10,7290,spoiled,rf
3054,26,tamarong_rf_01,2.648,2026-04-15 10:16:52.637227,3,10,7290,spoiled,rf
3138,26,tamarong_rf_01,2.763,2026-04-15 16:12:05.491499,3,16,7645,spoiled,rf
3142,26,tamarong_rf_01,2.636,2026-04-15 16:15:46.836297,3,16,7649,spoiled,rf
3143,26,tamarong_rf_01,2.564,2026-04-15 16:16:00.579974,3,16,7649,spoiled,rf
3144,26,tamarong_rf_01,2.6005000000000003,2026-04-15 16:16:09.986993,3,16,7649,spoiled,rf
3145,26,tamarong_rf_01,2.6195,2026-04-15 16:16:19.844654,3,16,7650,spoiled,rf
3146,26,tamarong_rf_01,2.607,2026-04-15 16:16:35.174265,3,16,7650,spoiled,rf
3203,26,tamarong_rf_01,2.6985,2026-04-15 21:10:56.498517,3,21,7944,spoiled,rf
3204,26,tamarong_rf_01,2.815,2026-04-15 21:11:14.462935,3,21,7944,spoiled,rf
3205,26,tamarong_rf_01,2.9445,2026-04-15 21:11:32.210498,3,21,7945,spoiled,rf
3206,26,tamarong_rf_01,2.811,2026-04-15 21:11:43.153322,3,21,7945,spoiled,rf
3207,26,tamarong_rf_01,2.7645,2026-04-15 21:11:52.660307,3,21,7945,spoiled,rf
3208,26,tamarong_rf_01,2.4095,2026-04-15 21:12:03.952551,3,21,7945,spoiled,rf
3376,26,tamarong_rf_01,2.9655,2026-04-16 08:39:10.644005,4,8,8632,spoiled,rf
3377,26,tamarong_rf_01,2.997,2026-04-16 08:39:33.428865,4,8,8633,spoiled,rf
3378,26,tamarong_rf_01,2.812,2026-04-16 08:39:44.670953,4,8,8633,spoiled,rf
3379,26,tamarong_rf_01,2.7665,2026-04-16 08:39:53.728055,4,8,8633,spoiled,rf
3380,26,tamarong_rf_01,2.628,2026-04-16 08:40:02.305730,4,8,8633,spoiled,rf
3381,26,tamarong_rf_01,2.905,2026-04-16 08:40:12.894670,4,8,8633,spoiled,rf
3382,26,tamarong_rf_01,2.8775,2026-04-16 08:40:21.351379,4,8,8634,spoiled,rf
3449,26,tamarong_rf_01,2.843,2026-04-16 14:00:42.270543,4,14,8954,spoiled,rf
3450,26,tamarong_rf_01,2.917,2026-04-16 14:01:07.566297,4,14,8954,spoiled,rf
3451,26,tamarong_rf_01,2.892,2026-04-16 14:01:29.450612,4,14,8955,spoiled,rf
3452,26,tamarong_rf_01,2.775,2026-04-16 14:01:50.216706,4,14,8955,spoiled,rf
3453,26,tamarong_rf_01,2.755,2026-04-16 14:02:09.131816,4,14,8955,spoiled,rf
3505,26,tamarong_rf_01,3.001,2026-04-16 19:09:59.465990,4,19,9263,spoiled,rf
3506,26,tamarong_rf_01,3.1475,2026-04-16 19:10:20.344460,4,19,9264,spoiled,rf
3507,26,tamarong_rf_01,2.8185,2026-04-16 19:10:42.445336,4,19,9264,spoiled,rf
3508,26,tamarong_rf_01,2.6745,2026-04-16 19:11:05.846333,4,19,9264,spoiled,rf
3509,26,tamarong_rf_01,2.6745,2026-04-16 19:11:24.912315,4,19,9265,spoiled,rf
3510,26,tamarong_rf_01,2.738,2026-04-16 19:11:33.853067,4,19,9265,spoiled,rf
3640,26,tamarong_rf_01,2.5215,2026-04-17 11:27:13.531654,5,11,10240,spoiled,rf
3641,26,tamarong_rf_01,2.6875,2026-04-17 11:27:44.782922,5,11,10241,spoiled,rf
3642,26,tamarong_rf_01,2.586,2026-04-17 11:28:00.209916,5,11,10241,spoiled,rf
3643,26,tamarong_rf_01,2.614,2026-04-17 11:28:11.352564,5,11,10241,spoiled,rf
3644,26,tamarong_rf_01,2.5885,2026-04-17 11:28:20.091266,5,11,10242,spoiled,rf
3645,26,tamarong_rf_01,2.6215,2026-04-17 11:28:28.465959,5,11,10242,spoiled,rf
3776,26,tamarong_rf_01,1.5154999999999998,2026-04-17 16:45:46.709606,5,16,10559,spoiled,rf
3777,26,tamarong_rf_01,1.569,2026-04-17 16:45:55.647923,5,16,10559,spoiled,rf
3778,26,tamarong_rf_01,1.631,2026-04-17 16:46:05.324020,5,16,10559,spoiled,rf
3779,26,tamarong_rf_01,1.34,2026-04-17 16:46:14.614301,5,16,10559,spoiled,rf
3780,26,tamarong_rf_01,1.508,2026-04-17 16:46:24.221602,5,16,10560,spoiled,rf
3781,26,tamarong_rf_01,1.6665,2026-04-17 16:46:33.729889,5,16,10560,spoiled,rf
3782,26,tamarong_rf_01,1.489,2026-04-17 16:46:45.888905,5,16,10560,spoiled,rf