id,sample_id,sample_label,capacitance_pf,carried_out_at,day_of_week,hour_of_day,elapsed_minutes_since_first_reading,category
91,13,hasa_batt_supply_05,5.5245,2026-04-16T08:18:10.602173,4,8,0,fresh
92,13,hasa_batt_supply_05,5.4435,2026-04-16T08:18:32.971870,4,8,0,fresh
93,13,hasa_batt_supply_05,5.551,2026-04-16T08:18:41.960724,4,8,0,fresh
94,13,hasa_batt_supply_05,5.5344999999999995,2026-04-16T08:18:50.566861,4,8,0,fresh
95,13,hasa_batt_supply_05,5.5205,2026-04-16T08:19:03.093733,4,8,0,fresh
96,13,hasa_batt_supply_05,5.504,2026-04-16T08:19:14.603022,4,8,1,fresh
97,13,hasa_batt_supply_05,5.5205,2026-04-16T08:19:23.893448,4,8,1,fresh
172,13,hasa_batt_supply_05,3.9615,2026-04-16T11:10:02.437014,4,11,171,moderate
206,13,hasa_batt_supply_05,3.8165,2026-04-16T11:25:07.676751,4,11,186,moderate
208,13,hasa_batt_supply_05,3.8185000000000002,2026-04-16T11:25:33.397426,4,11,187,moderate
209,13,hasa_batt_supply_05,3.8265000000000002,2026-04-16T11:25:45.990733,4,11,187,moderate
210,13,hasa_batt_supply_05,3.8405,2026-04-16T11:25:57.584136,4,11,187,moderate
211,13,hasa_batt_supply_05,3.8475,2026-04-16T11:26:09.509276,4,11,187,moderate
212,13,hasa_batt_supply_05,3.848,2026-04-16T11:26:19.033785,4,11,188,moderate
213,13,hasa_batt_supply_05,3.8585000000000003,2026-04-16T11:26:28.107817,4,11,188,moderate
264,13,hasa_batt_supply_05,3.7880000000000003,2026-04-16T11:41:38.534480,4,11,203,moderate
336,13,hasa_batt_supply_05,3.004,2026-04-16T13:33:00.735396,4,13,314,moderate
337,13,hasa_batt_supply_05,3.021,2026-04-16T13:33:12.161295,4,13,315,moderate
338,13,hasa_batt_supply_05,3.0214999999999996,2026-04-16T13:33:22.285895,4,13,315,moderate
339,13,hasa_batt_supply_05,3.029,2026-04-16T13:33:32.743927,4,13,315,moderate
340,13,hasa_batt_supply_05,3.026,2026-04-16T13:33:43.486403,4,13,315,moderate
400,13,hasa_batt_supply_05,2.985,2026-04-16T16:02:48.749113,4,16,464,spoiled
401,13,hasa_batt_supply_05,2.985,2026-04-16T16:03:00.909404,4,16,464,spoiled
402,13,hasa_batt_supply_05,3.0055,2026-04-16T16:03:13.435565,4,16,465,spoiled
403,13,hasa_batt_supply_05,2.9909999999999997,2026-04-16T16:03:22.342705,4,16,465,spoiled
404,13,hasa_batt_supply_05,2.989,2026-04-16T16:03:33.151765,4,16,465,spoiled
452,13,hasa_batt_supply_05,3.0145,2026-04-16T19:04:30.696009,4,19,646,spoiled
453,13,hasa_batt_supply_05,3.124,2026-04-16T19:04:38.919802,4,19,646,spoiled
454,13,hasa_batt_supply_05,3.116,2026-04-16T19:04:48.210012,4,19,646,spoiled
455,13,hasa_batt_supply_05,3.128,2026-04-16T19:04:57.317141,4,19,646,spoiled
456,13,hasa_batt_supply_05,3.0875,2026-04-16T19:05:05.840731,4,19,646,spoiled
521,13,hasa_batt_supply_05,1.94,2026-04-16T23:37:09.082172,4,23,918,spoiled
522,13,hasa_batt_supply_05,1.9540000000000002,2026-04-16T23:37:20.659041,4,23,919,spoiled
523,13,hasa_batt_supply_05,2.0244999999999997,2026-04-16T23:37:27.213194,4,23,919,spoiled
524,13,hasa_batt_supply_05,2.2405,2026-04-16T23:37:37.254701,4,23,919,spoiled
525,13,hasa_batt_supply_05,1.9755,2026-04-16T23:37:46.511898,4,23,919,spoiled
526,13,hasa_batt_supply_05,1.899,2026-04-16T23:37:56.988532,4,23,919,spoiled
527,13,hasa_batt_supply_05,1.9585,2026-04-16T23:38:07.161799,4,23,919,spoiled
83,12,hasa_batt_supply_04,5.4205,2026-04-16T08:16:01.448950,4,8,0,fresh
84,12,hasa_batt_supply_04,5.4605,2026-04-16T08:16:22.065766,4,8,0,fresh
85,12,hasa_batt_supply_04,5.4544999999999995,2026-04-16T08:16:31.806177,4,8,0,fresh
86,12,hasa_batt_supply_04,5.4655000000000005,2026-04-16T08:16:42.448535,4,8,0,fresh
87,12,hasa_batt_supply_04,5.458,2026-04-16T08:16:51.722525,4,8,0,fresh
88,12,hasa_batt_supply_04,5.463,2026-04-16T08:17:02.565397,4,8,1,fresh
89,12,hasa_batt_supply_04,5.3835,2026-04-16T08:17:14.541340,4,8,1,fresh
90,12,hasa_batt_supply_04,5.457,2026-04-16T08:17:26.100864,4,8,1,fresh
153,12,hasa_batt_supply_04,4.0045,2026-04-16T11:00:55.265557,4,11,164,moderate
154,12,hasa_batt_supply_04,4.0165,2026-04-16T11:01:10.677768,4,11,165,moderate
155,12,hasa_batt_supply_04,4.0965,2026-04-16T11:01:22.022716,4,11,165,moderate
157,12,hasa_batt_supply_04,4.08,2026-04-16T11:01:49.541898,4,11,165,moderate
158,12,hasa_batt_supply_04,4.004,2026-04-16T11:02:02.102224,4,11,166,moderate
198,12,hasa_batt_supply_04,3.963,2026-04-16T11:23:06.697278,4,11,187,moderate
199,12,hasa_batt_supply_04,3.986,2026-04-16T11:23:18.856460,4,11,187,moderate
200,12,hasa_batt_supply_04,3.9815,2026-04-16T11:23:32.317026,4,11,187,moderate
201,12,hasa_batt_supply_04,3.9735,2026-04-16T11:23:44.760465,4,11,187,moderate
202,12,hasa_batt_supply_04,3.9755000000000003,2026-04-16T11:23:57.103654,4,11,187,moderate
203,12,hasa_batt_supply_04,3.975,2026-04-16T11:24:09.413529,4,11,188,moderate
204,12,hasa_batt_supply_04,3.9675000000000002,2026-04-16T11:24:21.272906,4,11,188,moderate
330,12,hasa_batt_supply_04,3.002,2026-04-16T13:31:39.920620,4,13,315,moderate
331,12,hasa_batt_supply_04,3.0035,2026-04-16T13:31:55.015966,4,13,315,moderate
332,12,hasa_batt_supply_04,3.0235000000000003,2026-04-16T13:32:06.996966,4,13,316,moderate
333,12,hasa_batt_supply_04,3.029,2026-04-16T13:32:18.067769,4,13,316,moderate
334,12,hasa_batt_supply_04,3.0125,2026-04-16T13:32:29.743966,4,13,316,moderate
395,12,hasa_batt_supply_04,3.096,2026-04-16T16:01:27.183966,4,16,465,spoiled
396,12,hasa_batt_supply_04,3.01,2026-04-16T16:01:39.426975,4,16,465,spoiled
397,12,hasa_batt_supply_04,3.017,2026-04-16T16:01:51.069808,4,16,465,spoiled
398,12,hasa_batt_supply_04,3.0225,2026-04-16T16:02:07.332368,4,16,466,spoiled
399,12,hasa_batt_supply_04,3.049,2026-04-16T16:02:23.679260,4,16,466,spoiled
447,12,hasa_batt_supply_04,2.6135,2026-04-16T19:03:26.662600,4,19,647,spoiled
448,12,hasa_batt_supply_04,2.6155,2026-04-16T19:03:36.452547,4,19,647,spoiled
449,12,hasa_batt_supply_04,2.7024999999999997,2026-04-16T19:03:45.726386,4,19,647,spoiled
450,12,hasa_batt_supply_04,2.75,2026-04-16T19:03:54.967565,4,19,647,spoiled
451,12,hasa_batt_supply_04,2.852,2026-04-16T19:04:05.559128,4,19,648,spoiled
514,12,hasa_batt_supply_04,1.9064999999999999,2026-04-16T23:35:21.779048,4,23,919,spoiled
515,12,hasa_batt_supply_04,2.225,2026-04-16T23:35:30.870856,4,23,919,spoiled
516,12,hasa_batt_supply_04,2.0484999999999998,2026-04-16T23:36:09.467712,4,23,920,spoiled
517,12,hasa_batt_supply_04,2.0635000000000003,2026-04-16T23:36:18.958532,4,23,920,spoiled
518,12,hasa_batt_supply_04,2.041,2026-04-16T23:36:28.416872,4,23,920,spoiled
519,12,hasa_batt_supply_04,2.0615,2026-04-16T23:36:37.023415,4,23,920,spoiled
520,12,hasa_batt_supply_04,2.0860000000000003,2026-04-16T23:36:46.380647,4,23,920,spoiled
74,11,hasa_batt_supply_03,5.6215,2026-04-16T08:13:07.047808,4,8,0,fresh
75,11,hasa_batt_supply_03,5.5815,2026-04-16T08:13:21.322219,4,8,0,fresh
76,11,hasa_batt_supply_03,5.575,2026-04-16T08:13:32.897413,4,8,0,fresh
77,11,hasa_batt_supply_03,5.595,2026-04-16T08:13:51.461857,4,8,0,fresh
78,11,hasa_batt_supply_03,5.621,2026-04-16T08:14:00.618731,4,8,0,fresh
79,11,hasa_batt_supply_03,5.58,2026-04-16T08:14:09.909691,4,8,1,fresh
80,11,hasa_batt_supply_03,5.5755,2026-04-16T08:14:20.934738,4,8,1,fresh
81,11,hasa_batt_supply_03,5.5855,2026-04-16T08:14:32.811607,4,8,1,fresh
146,11,hasa_batt_supply_03,4.025,2026-04-16T10:58:59.806519,4,10,165,moderate
147,11,hasa_batt_supply_03,4.065,2026-04-16T10:59:16.653368,4,10,166,moderate
148,11,hasa_batt_supply_03,4.035,2026-04-16T10:59:28.279267,4,10,166,moderate
149,11,hasa_batt_supply_03,4.031,2026-04-16T10:59:40.089182,4,10,166,moderate
150,11,hasa_batt_supply_03,4.061,2026-04-16T10:59:53.116002,4,10,166,moderate
151,11,hasa_batt_supply_03,4.1615,2026-04-16T11:00:05.291977,4,11,166,moderate
152,11,hasa_batt_supply_03,4.0285,2026-04-16T11:00:17.334871,4,11,167,moderate
187,11,hasa_batt_supply_03,3.934,2026-04-16T11:20:32.707226,4,11,187,moderate
188,11,hasa_batt_supply_03,3.989,2026-04-16T11:20:46.001307,4,11,187,moderate
189,11,hasa_batt_supply_03,4.0425,2026-04-16T11:20:57.727179,4,11,187,moderate
190,11,hasa_batt_supply_03,4.037,2026-04-16T11:21:10.270394,4,11,188,moderate
192,11,hasa_batt_supply_03,3.9930000000000003,2026-04-16T11:21:34.390324,4,11,188,moderate
193,11,hasa_batt_supply_03,4.0465,2026-04-16T11:21:47.750095,4,11,188,moderate
194,11,hasa_batt_supply_03,4.0344999999999995,2026-04-16T11:21:59.727127,4,11,188,moderate
195,11,hasa_batt_supply_03,4.0045,2026-04-16T11:22:12.286847,4,11,189,moderate
196,11,hasa_batt_supply_03,4.0075,2026-04-16T11:22:24.063023,4,11,189,moderate
197,11,hasa_batt_supply_03,4.025,2026-04-16T11:22:35.621561,4,11,189,moderate
234,11,hasa_batt_supply_03,4.1025,2026-04-16T11:32:24.308791,4,11,199,moderate
237,11,hasa_batt_supply_03,4.023,2026-04-16T11:33:02.039053,4,11,199,moderate
323,11,hasa_batt_supply_03,3.01,2026-04-16T13:29:56.955011,4,13,316,moderate
324,11,hasa_batt_supply_03,3.0315000000000003,2026-04-16T13:30:08.948184,4,13,317,moderate
325,11,hasa_batt_supply_03,3.1135,2026-04-16T13:30:21.826158,4,13,317,moderate
326,11,hasa_batt_supply_03,3.1165000000000003,2026-04-16T13:30:33.867822,4,13,317,moderate
327,11,hasa_batt_supply_03,3.098,2026-04-16T13:30:45.944022,4,13,317,moderate
328,11,hasa_batt_supply_03,3.1195000000000004,2026-04-16T13:30:58.537873,4,13,317,moderate
329,11,hasa_batt_supply_03,3.104,2026-04-16T13:31:11.031051,4,13,318,moderate
388,11,hasa_batt_supply_03,2.9475,2026-04-16T15:59:44.736231,4,15,466,spoiled
389,11,hasa_batt_supply_03,3.038,2026-04-16T15:59:58.546204,4,15,466,spoiled
390,11,hasa_batt_supply_03,3.0355,2026-04-16T16:00:10.222734,4,16,467,spoiled
391,11,hasa_batt_supply_03,3.0305,2026-04-16T16:00:21.681757,4,16,467,spoiled
392,11,hasa_batt_supply_03,2.9775,2026-04-16T16:00:33.307305,4,16,467,spoiled
393,11,hasa_batt_supply_03,2.9444999999999997,2026-04-16T16:00:45.151035,4,16,467,spoiled
394,11,hasa_batt_supply_03,3.0134999999999996,2026-04-16T16:01:00.246227,4,16,467,spoiled
441,11,hasa_batt_supply_03,2.5250000000000004,2026-04-16T19:02:09.416327,4,19,649,spoiled
442,11,hasa_batt_supply_03,2.551,2026-04-16T19:02:18.273703,4,19,649,spoiled
443,11,hasa_batt_supply_03,2.597,2026-04-16T19:02:27.814322,4,19,649,spoiled
445,11,hasa_batt_supply_03,2.564,2026-04-16T19:02:47.630084,4,19,649,spoiled
446,11,hasa_batt_supply_03,2.5534999999999997,2026-04-16T19:03:01.374551,4,19,649,spoiled
509,11,hasa_batt_supply_03,1.923,2026-04-16T23:34:11.039972,4,23,921,spoiled
510,11,hasa_batt_supply_03,2.0935,2026-04-16T23:34:23.783886,4,23,921,spoiled
511,11,hasa_batt_supply_03,2.048,2026-04-16T23:34:32.957154,4,23,921,spoiled
512,11,hasa_batt_supply_03,2.129,2026-04-16T23:34:41.638673,4,23,921,spoiled
513,11,hasa_batt_supply_03,1.9940000000000002,2026-04-16T23:34:51.071667,4,23,921,spoiled
68,10,hasa_batt_supply_02,5.6265,2026-04-16T08:10:45.996875,4,8,0,fresh
69,10,hasa_batt_supply_02,5.681,2026-04-16T08:11:08.498874,4,8,0,fresh
70,10,hasa_batt_supply_02,5.6425,2026-04-16T08:11:17.855863,4,8,0,fresh
71,10,hasa_batt_supply_02,5.6080000000000005,2026-04-16T08:11:28.650228,4,8,0,fresh
72,10,hasa_batt_supply_02,5.5995,2026-04-16T08:11:37.821422,4,8,0,fresh
73,10,hasa_batt_supply_02,5.588,2026-04-16T08:11:51.932627,4,8,1,fresh
138,10,hasa_batt_supply_02,4.128,2026-04-16T10:56:32.539104,4,10,165,moderate
139,10,hasa_batt_supply_02,4.107,2026-04-16T10:56:45.937039,4,10,165,moderate
140,10,hasa_batt_supply_02,4.08,2026-04-16T10:57:04.248141,4,10,166,moderate
141,10,hasa_batt_supply_02,4.138999999999999,2026-04-16T10:57:18.074658,4,10,166,moderate
142,10,hasa_batt_supply_02,4.074999999999999,2026-04-16T10:57:31.669846,4,10,166,moderate
143,10,hasa_batt_supply_02,4.108499999999999,2026-04-16T10:57:46.831907,4,10,167,moderate
144,10,hasa_batt_supply_02,4.0945,2026-04-16T10:58:18.323389,4,10,167,moderate
145,10,hasa_batt_supply_02,4.0285,2026-04-16T10:58:32.117874,4,10,167,moderate
181,10,hasa_batt_supply_02,3.9240000000000004,2026-04-16T11:18:46.809687,4,11,188,moderate
182,10,hasa_batt_supply_02,3.952,2026-04-16T11:19:04.787344,4,11,188,moderate
183,10,hasa_batt_supply_02,3.97,2026-04-16T11:19:17.514334,4,11,188,moderate
184,10,hasa_batt_supply_02,3.9655,2026-04-16T11:19:30.158071,4,11,188,moderate
185,10,hasa_batt_supply_02,3.95,2026-04-16T11:19:52.558208,4,11,189,moderate
186,10,hasa_batt_supply_02,3.914,2026-04-16T11:20:06.619784,4,11,189,moderate
224,10,hasa_batt_supply_02,3.7439999999999998,2026-04-16T11:30:05.597442,4,11,199,moderate
225,10,hasa_batt_supply_02,3.713,2026-04-16T11:30:16.889975,4,11,199,moderate
315,10,hasa_batt_supply_02,3.0975,2026-04-16T13:27:57.226217,4,13,317,moderate
317,10,hasa_batt_supply_02,3.094,2026-04-16T13:28:22.446251,4,13,317,moderate
318,10,hasa_batt_supply_02,3.131,2026-04-16T13:28:34.956134,4,13,317,moderate
319,10,hasa_batt_supply_02,3.1185,2026-04-16T13:28:46.449192,4,13,318,moderate
320,10,hasa_batt_supply_02,3.119,2026-04-16T13:28:58.541893,4,13,318,moderate
321,10,hasa_batt_supply_02,3.1254999999999997,2026-04-16T13:29:09.784336,4,13,318,moderate
322,10,hasa_batt_supply_02,3.1365,2026-04-16T13:29:20.692632,4,13,318,moderate
383,10,hasa_batt_supply_02,2.94,2026-04-16T15:58:29.475226,4,15,467,spoiled
384,10,hasa_batt_supply_02,2.974,2026-04-16T15:58:41.239466,4,15,467,spoiled
385,10,hasa_batt_supply_02,2.9145000000000003,2026-04-16T15:58:54.812262,4,15,468,spoiled
386,10,hasa_batt_supply_02,2.8365,2026-04-16T15:59:07.055049,4,15,468,spoiled
387,10,hasa_batt_supply_02,2.8795,2026-04-16T15:59:18.297736,4,15,468,spoiled
436,10,hasa_batt_supply_02,2.685,2026-04-16T19:01:12.087451,4,19,650,spoiled
437,10,hasa_batt_supply_02,2.6345,2026-04-16T19:01:20.994187,4,19,650,spoiled
438,10,hasa_batt_supply_02,2.6755,2026-04-16T19:01:32.220006,4,19,650,spoiled
439,10,hasa_batt_supply_02,2.678,2026-04-16T19:01:40.827602,4,19,650,spoiled
440,10,hasa_batt_supply_02,2.6959999999999997,2026-04-16T19:01:49.683956,4,19,651,spoiled
502,10,hasa_batt_supply_02,1.9245,2026-04-16T23:32:23.554008,4,23,921,spoiled
503,10,hasa_batt_supply_02,1.9689999999999999,2026-04-16T23:32:32.544607,4,23,921,spoiled
504,10,hasa_batt_supply_02,1.658,2026-04-16T23:32:43.669692,4,23,921,spoiled
505,10,hasa_batt_supply_02,1.844,2026-04-16T23:32:52.343496,4,23,922,spoiled
506,10,hasa_batt_supply_02,1.75,2026-04-16T23:33:01.150494,4,23,922,spoiled
507,10,hasa_batt_supply_02,1.93,2026-04-16T23:33:11.091975,4,23,922,spoiled
508,10,hasa_batt_supply_02,1.6365,2026-04-16T23:33:22.134362,4,23,922,spoiled
61,9,hasa_batt_supply_01,5.635,2026-04-16T08:08:56.443006,4,8,0,fresh
62,9,hasa_batt_supply_01,5.6259999999999994,2026-04-16T08:09:17.943444,4,8,0,fresh
63,9,hasa_batt_supply_01,5.6215,2026-04-16T08:09:28.134555,4,8,0,fresh
64,9,hasa_batt_supply_01,5.6355,2026-04-16T08:09:38.259412,4,8,0,fresh
65,9,hasa_batt_supply_01,5.688,2026-04-16T08:09:51.402840,4,8,0,fresh
66,9,hasa_batt_supply_01,5.6754999999999995,2026-04-16T08:10:02.746027,4,8,1,fresh
67,9,hasa_batt_supply_01,5.6555,2026-04-16T08:10:14.071363,4,8,1,fresh
175,9,hasa_batt_supply_01,4.117,2026-04-16T11:16:03.409586,4,11,187,moderate
176,9,hasa_batt_supply_01,4.109500000000001,2026-04-16T11:16:16.436573,4,11,187,moderate
177,9,hasa_batt_supply_01,4.109,2026-04-16T11:16:29.362733,4,11,187,moderate
178,9,hasa_batt_supply_01,4.1025,2026-04-16T11:16:41.957067,4,11,187,moderate
179,9,hasa_batt_supply_01,4.092499999999999,2026-04-16T11:16:54.683791,4,11,187,moderate
309,9,hasa_batt_supply_01,3.06,2026-04-16T13:25:51.342316,4,13,316,moderate
310,9,hasa_batt_supply_01,3.0854999999999997,2026-04-16T13:26:04.603003,4,13,317,moderate
311,9,hasa_batt_supply_01,3.034,2026-04-16T13:26:17.363118,4,13,317,moderate
312,9,hasa_batt_supply_01,3.02,2026-04-16T13:26:28.805798,4,13,317,moderate
313,9,hasa_batt_supply_01,3.0060000000000002,2026-04-16T13:26:41.115394,4,13,317,moderate
314,9,hasa_batt_supply_01,3.0305,2026-04-16T13:26:52.874911,4,13,317,moderate
316,9,hasa_batt_supply_01,3.1189999999999998,2026-04-16T13:28:10.053022,4,13,319,moderate
375,9,hasa_batt_supply_01,2.868,2026-04-16T15:55:53.384786,4,15,466,spoiled
376,9,hasa_batt_supply_01,2.8865,2026-04-16T15:56:06.478027,4,15,467,spoiled
378,9,hasa_batt_supply_01,2.896,2026-04-16T15:57:16.883628,4,15,468,spoiled
379,9,hasa_batt_supply_01,2.919,2026-04-16T15:57:29.127142,4,15,468,spoiled
380,9,hasa_batt_supply_01,2.895,2026-04-16T15:57:40.936233,4,15,468,spoiled
381,9,hasa_batt_supply_01,2.926,2026-04-16T15:57:52.612576,4,15,468,spoiled
382,9,hasa_batt_supply_01,2.94,2026-04-16T15:58:04.738617,4,15,469,spoiled
431,9,hasa_batt_supply_01,2.6595,2026-04-16T19:00:14.942343,4,19,651,spoiled
432,9,hasa_batt_supply_01,2.661,2026-04-16T19:00:28.535821,4,19,651,spoiled
433,9,hasa_batt_supply_01,2.6725000000000003,2026-04-16T19:00:37.442807,4,19,651,spoiled
434,9,hasa_batt_supply_01,2.63,2026-04-16T19:00:46.617943,4,19,651,spoiled
435,9,hasa_batt_supply_01,2.607,2026-04-16T19:00:55.708216,4,19,651,spoiled
493,9,hasa_batt_supply_01,2.3585000000000003,2026-04-16T23:30:23.792643,4,23,921,spoiled
494,9,hasa_batt_supply_01,2.4885,2026-04-16T23:30:35.034291,4,23,921,spoiled
495,9,hasa_batt_supply_01,2.5465,2026-04-16T23:30:46.426311,4,23,921,spoiled
496,9,hasa_batt_supply_01,2.2775,2026-04-16T23:31:16.733932,4,23,922,spoiled
497,9,hasa_batt_supply_01,2.2485,2026-04-16T23:31:25.507534,4,23,922,spoiled
498,9,hasa_batt_supply_01,2.1390000000000002,2026-04-16T23:31:34.448048,4,23,922,spoiled
499,9,hasa_batt_supply_01,2.2575000000000003,2026-04-16T23:31:43.371981,4,23,922,spoiled
500,9,hasa_batt_supply_01,2.2325,2026-04-16T23:31:55.982077,4,23,922,spoiled
501,9,hasa_batt_supply_01,2.005,2026-04-16T23:32:04.572720,4,23,923,spoiled
56,8,tamarong_batt_supply_05,5.8469999999999995,2026-04-16T08:07:24.552278,4,8,0,fresh
57,8,tamarong_batt_supply_05,5.859,2026-04-16T08:07:48.555477,4,8,0,fresh
58,8,tamarong_batt_supply_05,5.901,2026-04-16T08:07:58.062759,4,8,0,fresh
59,8,tamarong_batt_supply_05,5.9035,2026-04-16T08:08:07.037039,4,8,0,fresh
60,8,tamarong_batt_supply_05,5.9215,2026-04-16T08:08:17.362202,4,8,0,fresh
124,8,tamarong_batt_supply_05,4.1370000000000005,2026-04-16T10:52:55.965925,4,10,165,moderate
125,8,tamarong_batt_supply_05,4.162,2026-04-16T10:53:09.476826,4,10,165,moderate
126,8,tamarong_batt_supply_05,4.138,2026-04-16T10:53:22.770526,4,10,165,moderate
127,8,tamarong_batt_supply_05,4.208,2026-04-16T10:53:35.880970,4,10,166,moderate
128,8,tamarong_batt_supply_05,4.223,2026-04-16T10:53:48.424222,4,10,166,moderate
129,8,tamarong_batt_supply_05,4.2475,2026-04-16T10:54:00.917798,4,10,166,moderate
256,8,tamarong_batt_supply_05,3.7705,2026-04-16T11:38:56.788921,4,11,211,moderate
257,8,tamarong_batt_supply_05,3.714,2026-04-16T11:39:07.214410,4,11,211,moderate
258,8,tamarong_batt_supply_05,3.6975,2026-04-16T11:39:18.256382,4,11,211,moderate
259,8,tamarong_batt_supply_05,3.7104999999999997,2026-04-16T11:39:31.399250,4,11,212,moderate
260,8,tamarong_batt_supply_05,3.681,2026-04-16T11:39:45.193606,4,11,212,moderate
261,8,tamarong_batt_supply_05,3.687,2026-04-16T11:39:58.521866,4,11,212,moderate
303,8,tamarong_batt_supply_05,2.451,2026-04-16T13:24:21.053578,4,13,316,moderate
305,8,tamarong_batt_supply_05,2.518,2026-04-16T13:24:44.455656,4,13,317,moderate
306,8,tamarong_batt_supply_05,2.5465,2026-04-16T13:24:57.749810,4,13,317,moderate
307,8,tamarong_batt_supply_05,2.5745,2026-04-16T13:25:08.991772,4,13,317,moderate
308,8,tamarong_batt_supply_05,2.5185,2026-04-16T13:25:20.784901,4,13,317,moderate
370,8,tamarong_batt_supply_05,2.4265,2026-04-16T15:54:23.495569,4,15,466,spoiled
371,8,tamarong_batt_supply_05,2.477,2026-04-16T15:54:36.239788,4,15,467,spoiled
372,8,tamarong_batt_supply_05,2.4385,2026-04-16T15:54:48.415572,4,15,467,spoiled
373,8,tamarong_batt_supply_05,2.3725,2026-04-16T15:55:00.775224,4,15,467,spoiled
374,8,tamarong_batt_supply_05,2.398,2026-04-16T15:55:14.336922,4,15,467,spoiled
425,8,tamarong_batt_supply_05,1.903,2026-04-16T18:58:58.163332,4,18,651,spoiled
426,8,tamarong_batt_supply_05,1.931,2026-04-16T18:59:07.388134,4,18,651,spoiled
427,8,tamarong_batt_supply_05,1.91,2026-04-16T18:59:16.194343,4,18,651,spoiled
428,8,tamarong_batt_supply_05,1.846,2026-04-16T18:59:25.268717,4,18,652,spoiled
429,8,tamarong_batt_supply_05,1.7955,2026-04-16T18:59:34.326299,4,18,652,spoiled
430,8,tamarong_batt_supply_05,1.791,2026-04-16T18:59:43.382884,4,18,652,spoiled
485,8,tamarong_batt_supply_05,1.577,2026-04-16T23:27:56.390555,4,23,920,spoiled
486,8,tamarong_batt_supply_05,1.6680000000000001,2026-04-16T23:28:08.516834,4,23,920,spoiled
487,8,tamarong_batt_supply_05,1.619,2026-04-16T23:28:18.758948,4,23,920,spoiled
488,8,tamarong_batt_supply_05,1.517,2026-04-16T23:28:27.016299,4,23,921,spoiled
489,8,tamarong_batt_supply_05,1.273,2026-04-16T23:28:36.922951,4,23,921,spoiled
490,8,tamarong_batt_supply_05,1.518,2026-04-16T23:28:50.400160,4,23,921,spoiled
48,7,tamarong_batt_supply_04,5.962,2026-04-16T08:05:17.334254,4,8,0,fresh
49,7,tamarong_batt_supply_04,5.968,2026-04-16T08:05:38.918906,4,8,0,fresh
50,7,tamarong_batt_supply_04,5.99,2026-04-16T08:05:49.860825,4,8,0,fresh
51,7,tamarong_batt_supply_04,5.962,2026-04-16T08:05:59.434532,4,8,0,fresh
52,7,tamarong_batt_supply_04,5.9435,2026-04-16T08:06:09.158895,4,8,0,fresh
53,7,tamarong_batt_supply_04,5.906,2026-04-16T08:06:17.449962,4,8,1,fresh
54,7,tamarong_batt_supply_04,5.9305,2026-04-16T08:06:27.657290,4,8,1,fresh
55,7,tamarong_batt_supply_04,5.9155,2026-04-16T08:06:40.116998,4,8,1,fresh
119,7,tamarong_batt_supply_04,4.24,2026-04-16T10:47:03.550740,4,10,161,moderate
120,7,tamarong_batt_supply_04,4.2175,2026-04-16T10:47:17.445417,4,10,162,moderate
121,7,tamarong_batt_supply_04,4.3225,2026-04-16T10:47:43.266362,4,10,162,moderate
122,7,tamarong_batt_supply_04,4.275,2026-04-16T10:47:56.076835,4,10,162,moderate
123,7,tamarong_batt_supply_04,4.4015,2026-04-16T10:48:08.903827,4,10,162,moderate
245,7,tamarong_batt_supply_04,3.751,2026-04-16T11:35:50.473486,4,11,210,moderate
247,7,tamarong_batt_supply_04,3.8225,2026-04-16T11:36:31.624221,4,11,211,moderate
248,7,tamarong_batt_supply_04,3.817,2026-04-16T11:36:43.431652,4,11,211,moderate
249,7,tamarong_batt_supply_04,3.7935,2026-04-16T11:36:55.441773,4,11,211,moderate
250,7,tamarong_batt_supply_04,3.8810000000000002,2026-04-16T11:37:07.668963,4,11,211,moderate
251,7,tamarong_batt_supply_04,3.8455000000000004,2026-04-16T11:37:19.411372,4,11,212,moderate
252,7,tamarong_batt_supply_04,3.819,2026-04-16T11:37:32.154639,4,11,212,moderate
297,7,tamarong_batt_supply_04,2.5564999999999998,2026-04-16T13:22:38.605863,4,13,317,moderate
298,7,tamarong_batt_supply_04,2.688,2026-04-16T13:22:46.778212,4,13,317,moderate
299,7,tamarong_batt_supply_04,2.6710000000000003,2026-04-16T13:22:58.754985,4,13,317,moderate
300,7,tamarong_batt_supply_04,2.6275,2026-04-16T13:23:12.516575,4,13,317,moderate
301,7,tamarong_batt_supply_04,2.6535,2026-04-16T13:23:24.792847,4,13,318,moderate
302,7,tamarong_batt_supply_04,2.6,2026-04-16T13:23:37.018632,4,13,318,moderate
364,7,tamarong_batt_supply_04,2.3785,2026-04-16T15:52:36.777257,4,15,467,spoiled
365,7,tamarong_batt_supply_04,2.42,2026-04-16T15:52:50.354237,4,15,467,spoiled
366,7,tamarong_batt_supply_04,2.421,2026-04-16T15:53:05.249685,4,15,467,spoiled
367,7,tamarong_batt_supply_04,2.4210000000000003,2026-04-16T15:53:15.791502,4,15,467,spoiled
368,7,tamarong_batt_supply_04,2.36,2026-04-16T15:53:29.419366,4,15,468,spoiled
420,7,tamarong_batt_supply_04,1.862,2026-04-16T18:57:59.416608,4,18,652,spoiled
421,7,tamarong_batt_supply_04,1.703,2026-04-16T18:58:08.676560,4,18,652,spoiled
422,7,tamarong_batt_supply_04,1.752,2026-04-16T18:58:19.282601,4,18,653,spoiled
423,7,tamarong_batt_supply_04,1.8195000000000001,2026-04-16T18:58:28.022910,4,18,653,spoiled
424,7,tamarong_batt_supply_04,1.797,2026-04-16T18:58:37.230433,4,18,653,spoiled
478,7,tamarong_batt_supply_04,1.705,2026-04-16T23:26:08.104392,4,23,920,spoiled
479,7,tamarong_batt_supply_04,1.722,2026-04-16T23:26:30.338590,4,23,921,spoiled
480,7,tamarong_batt_supply_04,1.8,2026-04-16T23:26:39.329141,4,23,921,spoiled
481,7,tamarong_batt_supply_04,1.684,2026-04-16T23:26:49.154556,4,23,921,spoiled
482,7,tamarong_batt_supply_04,1.731,2026-04-16T23:27:00.913222,4,23,921,spoiled
483,7,tamarong_batt_supply_04,1.7215,2026-04-16T23:27:10.788615,4,23,921,spoiled
484,7,tamarong_batt_supply_04,1.6735,2026-04-16T23:27:25.082050,4,23,922,spoiled
40,6,tamarong_batt_supply_03,5.8375,2026-04-16T08:02:58.323701,4,8,0,fresh
41,6,tamarong_batt_supply_03,5.789999999999999,2026-04-16T08:03:23.960772,4,8,0,fresh
42,6,tamarong_batt_supply_03,5.8035,2026-04-16T08:03:35.119727,4,8,0,fresh
43,6,tamarong_batt_supply_03,5.8465,2026-04-16T08:03:45.378653,4,8,0,fresh
44,6,tamarong_batt_supply_03,5.8565000000000005,2026-04-16T08:03:54.868593,4,8,0,fresh
45,6,tamarong_batt_supply_03,5.846,2026-04-16T08:04:06.777999,4,8,1,fresh
46,6,tamarong_batt_supply_03,5.8495,2026-04-16T08:04:20.042461,4,8,1,fresh
47,6,tamarong_batt_supply_03,5.8725000000000005,2026-04-16T08:04:30.680958,4,8,1,fresh
113,6,tamarong_batt_supply_03,4.245,2026-04-16T10:45:32.128337,4,10,162,moderate
114,6,tamarong_batt_supply_03,4.2844999999999995,2026-04-16T10:45:47.161582,4,10,162,moderate
115,6,tamarong_batt_supply_03,4.3645,2026-04-16T10:45:59.398968,4,10,163,moderate
116,6,tamarong_batt_supply_03,4.34,2026-04-16T10:46:12.160121,4,10,163,moderate
117,6,tamarong_batt_supply_03,4.295,2026-04-16T10:46:24.386777,4,10,163,moderate
118,6,tamarong_batt_supply_03,4.3865,2026-04-16T10:46:38.214301,4,10,163,moderate
229,6,tamarong_batt_supply_03,4.006,2026-04-16T11:31:20.674586,4,11,208,moderate
230,6,tamarong_batt_supply_03,4.089,2026-04-16T11:31:34.085721,4,11,208,moderate
231,6,tamarong_batt_supply_03,4.0235,2026-04-16T11:31:46.478619,4,11,208,moderate
232,6,tamarong_batt_supply_03,4.083,2026-04-16T11:31:59.589299,4,11,209,moderate
238,6,tamarong_batt_supply_03,4.02,2026-04-16T11:33:12.247241,4,11,210,moderate
239,6,tamarong_batt_supply_03,4.0595,2026-04-16T11:33:25.907839,4,11,210,moderate
240,6,tamarong_batt_supply_03,4.0265,2026-04-16T11:33:37.934271,4,11,210,moderate
291,6,tamarong_batt_supply_03,2.785,2026-04-16T13:20:45.547227,4,13,317,moderate
292,6,tamarong_batt_supply_03,2.7794999999999996,2026-04-16T13:21:01.711514,4,13,318,moderate
293,6,tamarong_batt_supply_03,2.772,2026-04-16T13:21:17.974069,4,13,318,moderate
294,6,tamarong_batt_supply_03,2.7765,2026-04-16T13:21:31.618693,4,13,318,moderate
295,6,tamarong_batt_supply_03,2.733,2026-04-16T13:21:45.095964,4,13,318,moderate
296,6,tamarong_batt_supply_03,2.774,2026-04-16T13:22:00.009270,4,13,319,moderate
355,6,tamarong_batt_supply_03,2.457,2026-04-16T15:50:09.409307,4,15,467,spoiled
357,6,tamarong_batt_supply_03,2.322,2026-04-16T15:50:43.670298,4,15,467,spoiled
359,6,tamarong_batt_supply_03,2.3655,2026-04-16T15:51:09.791213,4,15,468,spoiled
360,6,tamarong_batt_supply_03,2.4370000000000003,2026-04-16T15:51:23.502140,4,15,468,spoiled
361,6,tamarong_batt_supply_03,2.4255,2026-04-16T15:51:36.162803,4,15,468,spoiled
362,6,tamarong_batt_supply_03,2.2935,2026-04-16T15:51:55.894285,4,15,468,spoiled
363,6,tamarong_batt_supply_03,2.4015,2026-04-16T15:52:08.888815,4,15,469,spoiled
415,6,tamarong_batt_supply_03,2.0700000000000003,2026-04-16T18:57:04.457403,4,18,654,spoiled
416,6,tamarong_batt_supply_03,1.7614999999999998,2026-04-16T18:57:16.866183,4,18,654,spoiled
417,6,tamarong_batt_supply_03,1.8235000000000001,2026-04-16T18:57:26.940975,4,18,654,spoiled
418,6,tamarong_batt_supply_03,1.976,2026-04-16T18:57:35.197511,4,18,654,spoiled
419,6,tamarong_batt_supply_03,1.831,2026-04-16T18:57:44.388190,4,18,654,spoiled
473,6,tamarong_batt_supply_03,1.6844999999999999,2026-04-16T23:24:52.361161,4,23,921,spoiled
474,6,tamarong_batt_supply_03,1.7574999999999998,2026-04-16T23:25:15.462543,4,23,922,spoiled
475,6,tamarong_batt_supply_03,1.703,2026-04-16T23:25:25.220228,4,23,922,spoiled
476,6,tamarong_batt_supply_03,1.734,2026-04-16T23:25:34.977926,4,23,922,spoiled
477,6,tamarong_batt_supply_03,1.7454999999999998,2026-04-16T23:25:45.453112,4,23,922,spoiled
25,5,tamarong_batt_supply_02,5.9495000000000005,2026-04-16T07:57:30.161134,4,7,0,fresh
26,5,tamarong_batt_supply_02,5.9215,2026-04-16T07:57:56.732733,4,7,0,fresh
27,5,tamarong_batt_supply_02,5.861,2026-04-16T07:58:07.123774,4,7,0,fresh
28,5,tamarong_batt_supply_02,5.8545,2026-04-16T07:58:20.868539,4,7,0,fresh
29,5,tamarong_batt_supply_02,5.861000000000001,2026-04-16T07:58:31.877019,4,7,1,fresh
30,5,tamarong_batt_supply_02,6.0504999999999995,2026-04-16T07:59:25.971251,4,7,1,fresh
31,5,tamarong_batt_supply_02,6.051500000000001,2026-04-16T08:00:00.264638,4,8,2,fresh
32,5,tamarong_batt_supply_02,6.060499999999999,2026-04-16T08:00:10.105606,4,8,2,fresh
33,5,tamarong_batt_supply_02,6.035,2026-04-16T08:00:20.097096,4,8,2,fresh
34,5,tamarong_batt_supply_02,6.009,2026-04-16T08:00:28.536786,4,8,2,fresh
35,5,tamarong_batt_supply_02,5.925,2026-04-16T08:00:41.230508,4,8,3,fresh
36,5,tamarong_batt_supply_02,5.919,2026-04-16T08:00:51.989500,4,8,3,fresh
37,5,tamarong_batt_supply_02,5.9225,2026-04-16T08:01:04.499435,4,8,3,fresh
104,5,tamarong_batt_supply_02,4.318,2026-04-16T10:42:44.662418,4,10,165,moderate
105,5,tamarong_batt_supply_02,4.312,2026-04-16T10:42:58.055415,4,10,165,moderate
106,5,tamarong_batt_supply_02,4.4145,2026-04-16T10:43:11.216218,4,10,165,moderate
107,5,tamarong_batt_supply_02,4.439,2026-04-16T10:43:23.559331,4,10,165,moderate
108,5,tamarong_batt_supply_02,4.4225,2026-04-16T10:43:35.435132,4,10,166,moderate
110,5,tamarong_batt_supply_02,4.259499999999999,2026-04-16T10:44:03.608838,4,10,166,moderate
223,5,tamarong_batt_supply_02,3.7035,2026-04-16T11:29:51.236632,4,11,212,moderate
226,5,tamarong_batt_supply_02,3.6609999999999996,2026-04-16T11:30:28.349232,4,11,212,moderate
227,5,tamarong_batt_supply_02,3.7824999999999998,2026-04-16T11:30:42.110049,4,11,213,moderate
228,5,tamarong_batt_supply_02,3.7984999999999998,2026-04-16T11:30:55.538246,4,11,213,moderate
285,5,tamarong_batt_supply_02,2.652,2026-04-16T13:19:04.968281,4,13,321,moderate
286,5,tamarong_batt_supply_02,2.6765,2026-04-16T13:19:18.078557,4,13,321,moderate
287,5,tamarong_batt_supply_02,2.667,2026-04-16T13:19:30.371635,4,13,322,moderate
288,5,tamarong_batt_supply_02,2.661,2026-04-16T13:19:42.297669,4,13,322,moderate
289,5,tamarong_batt_supply_02,2.6304999999999996,2026-04-16T13:19:54.524109,4,13,322,moderate
348,5,tamarong_batt_supply_02,2.213,2026-04-16T15:48:14.902058,4,15,470,spoiled
349,5,tamarong_batt_supply_02,2.3365,2026-04-16T15:48:27.761831,4,15,470,spoiled
350,5,tamarong_batt_supply_02,2.333,2026-04-16T15:48:40.138606,4,15,471,spoiled
351,5,tamarong_batt_supply_02,2.367,2026-04-16T15:48:52.348267,4,15,471,spoiled
352,5,tamarong_batt_supply_02,2.337,2026-04-16T15:49:02.656108,4,15,471,spoiled
354,5,tamarong_batt_supply_02,2.373,2026-04-16T15:49:25.392317,4,15,471,spoiled
410,5,tamarong_batt_supply_02,1.6655,2026-04-16T18:55:58.770623,4,18,658,spoiled
411,5,tamarong_batt_supply_02,1.7149999999999999,2026-04-16T18:56:08.160843,4,18,658,spoiled
412,5,tamarong_batt_supply_02,1.55,2026-04-16T18:56:17.418353,4,18,658,spoiled
413,5,tamarong_batt_supply_02,1.6295,2026-04-16T18:56:25.976430,4,18,658,spoiled
414,5,tamarong_batt_supply_02,1.677,2026-04-16T18:56:36.083759,4,18,659,spoiled
466,5,tamarong_batt_supply_02,1.416,2026-04-16T23:23:11.580695,4,23,925,spoiled
467,5,tamarong_batt_supply_02,1.52,2026-04-16T23:23:24.557496,4,23,925,spoiled
468,5,tamarong_batt_supply_02,1.3605,2026-04-16T23:23:36.717335,4,23,926,spoiled
469,5,tamarong_batt_supply_02,1.4615,2026-04-16T23:23:45.473425,4,23,926,spoiled
470,5,tamarong_batt_supply_02,1.4765,2026-04-16T23:23:56.882948,4,23,926,spoiled
471,5,tamarong_batt_supply_02,1.4295,2026-04-16T23:24:05.940287,4,23,926,spoiled
472,5,tamarong_batt_supply_02,1.4845,2026-04-16T23:24:17.466014,4,23,926,spoiled
14,3,tamarong_batt_supply_01,6.4025,2026-04-16T07:47:52.465309,4,7,0,fresh
16,3,tamarong_batt_supply_01,6.305,2026-04-16T07:52:30.855679,4,7,4,fresh
17,3,tamarong_batt_supply_01,5.8885000000000005,2026-04-16T07:55:12.835152,4,7,7,fresh
18,3,tamarong_batt_supply_01,5.877,2026-04-16T07:55:28.113856,4,7,7,fresh
19,3,tamarong_batt_supply_01,5.828,2026-04-16T07:55:41.992416,4,7,7,fresh
20,3,tamarong_batt_supply_01,5.830500000000001,2026-04-16T07:55:55.035324,4,7,8,fresh
21,3,tamarong_batt_supply_01,5.725,2026-04-16T07:56:05.377823,4,7,8,fresh
22,3,tamarong_batt_supply_01,5.714,2026-04-16T07:56:14.184770,4,7,8,fresh
23,3,tamarong_batt_supply_01,5.654999999999999,2026-04-16T07:56:24.759520,4,7,8,fresh
24,3,tamarong_batt_supply_01,5.727,2026-04-16T07:56:50.630173,4,7,8,fresh
99,3,tamarong_batt_supply_01,3.883,2026-04-16T10:41:06.300168,4,10,173,moderate
100,3,tamarong_batt_supply_01,3.868,2026-04-16T10:41:24.931350,4,10,173,moderate
101,3,tamarong_batt_supply_01,3.911,2026-04-16T10:41:39.026202,4,10,173,moderate
102,3,tamarong_batt_supply_01,3.881,2026-04-16T10:41:53.420605,4,10,174,moderate
103,3,tamarong_batt_supply_01,3.912,2026-04-16T10:42:06.881517,4,10,174,moderate
111,3,tamarong_batt_supply_01,4.079000000000001,2026-04-16T10:44:27.960484,4,10,176,moderate
112,3,tamarong_batt_supply_01,4.0055,2026-04-16T10:44:54.628538,4,10,177,moderate
214,3,tamarong_batt_supply_01,3.6085000000000003,2026-04-16T11:27:47.437777,4,11,219,moderate
216,3,tamarong_batt_supply_01,3.6334999999999997,2026-04-16T11:28:18.662362,4,11,220,moderate
217,3,tamarong_batt_supply_01,3.6835,2026-04-16T11:28:31.623021,4,11,220,moderate
218,3,tamarong_batt_supply_01,3.666,2026-04-16T11:28:40.279491,4,11,220,moderate
219,3,tamarong_batt_supply_01,3.63,2026-04-16T11:28:50.155134,4,11,220,moderate
221,3,tamarong_batt_supply_01,3.699,2026-04-16T11:29:12.889206,4,11,221,moderate
222,3,tamarong_batt_supply_01,3.719,2026-04-16T11:29:25.465960,4,11,221,moderate
270,3,tamarong_batt_supply_01,2.644,2026-04-16T13:11:15.344339,4,13,323,moderate
271,3,tamarong_batt_supply_01,2.4045,2026-04-16T13:13:44.145136,4,13,325,moderate
272,3,tamarong_batt_supply_01,2.839,2026-04-16T13:14:04.245,4,13,326,moderate
274,3,tamarong_batt_supply_01,2.6435,2026-04-16T13:15:32.865515,4,13,327,moderate
276,3,tamarong_batt_supply_01,2.5655,2026-04-16T13:16:24.623399,4,13,328,moderate
278,3,tamarong_batt_supply_01,2.532,2026-04-16T13:16:52.195577,4,13,328,moderate
279,3,tamarong_batt_supply_01,2.589,2026-04-16T13:17:09.225665,4,13,329,moderate
280,3,tamarong_batt_supply_01,2.6734999999999998,2026-04-16T13:17:24.087042,4,13,329,moderate
281,3,tamarong_batt_supply_01,2.5755,2026-04-16T13:17:39.933612,4,13,329,moderate
282,3,tamarong_batt_supply_01,2.6045,2026-04-16T13:17:58.264911,4,13,330,moderate
283,3,tamarong_batt_supply_01,2.597,2026-04-16T13:18:13.643975,4,13,330,moderate
342,3,tamarong_batt_supply_01,2.257,2026-04-16T15:46:16.991876,4,15,478,spoiled
343,3,tamarong_batt_supply_01,2.275,2026-04-16T15:46:32.153660,4,15,478,spoiled
344,3,tamarong_batt_supply_01,2.2475,2026-04-16T15:46:46.065257,4,15,478,spoiled
345,3,tamarong_batt_supply_01,2.2969999999999997,2026-04-16T15:46:58.741160,4,15,479,spoiled
346,3,tamarong_batt_supply_01,2.2815000000000003,2026-04-16T15:47:19.991382,4,15,479,spoiled
347,3,tamarong_batt_supply_01,2.3035,2026-04-16T15:47:32.885404,4,15,479,spoiled
405,3,tamarong_batt_supply_01,1.7745,2026-04-16T18:52:46.350477,4,18,664,spoiled
406,3,tamarong_batt_supply_01,1.803,2026-04-16T18:53:02.145934,4,18,665,spoiled
407,3,tamarong_batt_supply_01,1.698,2026-04-16T18:53:17.192820,4,18,665,spoiled
408,3,tamarong_batt_supply_01,1.745,2026-04-16T18:53:37.423770,4,18,665,spoiled
409,3,tamarong_batt_supply_01,1.7395,2026-04-16T18:53:52.119087,4,18,665,spoiled
458,3,tamarong_batt_supply_01,1.631,2026-04-16T23:21:03.479648,4,23,933,spoiled
459,3,tamarong_batt_supply_01,2.0389999999999997,2026-04-16T23:21:40.208241,4,23,933,spoiled
460,3,tamarong_batt_supply_01,1.572,2026-04-16T23:21:52.551023,4,23,934,spoiled
461,3,tamarong_batt_supply_01,1.6155,2026-04-16T23:22:02.158690,4,23,934,spoiled
462,3,tamarong_batt_supply_01,1.5165,2026-04-16T23:22:12.183403,4,23,934,spoiled
463,3,tamarong_batt_supply_01,1.525,2026-04-16T23:22:21.540484,4,23,934,spoiled
464,3,tamarong_batt_supply_01,1.5325,2026-04-16T23:22:31.081562,4,23,934,spoiled
465,3,tamarong_batt_supply_01,1.569,2026-04-16T23:22:42.574276,4,23,934,spoiled
4,2,tamarong_batt_supply,2.5335,2026-04-15T15:46:44.258643,3,15,0,spoiled
6,2,tamarong_batt_supply,2.7455,2026-04-15T15:54:09.165370,3,15,7,spoiled